Protocollo;Gruppo;DataOraIncidente;Localizzazione1;STRADA1;Localizzazione2;STRADA2;Strada02;Chilometrica;DaSpecificare;NaturaIncidente;particolaritastrade;TipoStrada;FondoStradale;Pavimentazione;Segnaletica;CondizioneAtmosferica;Traffico;Visibilita;Illuminazione;NUM_FERITI;NUM_RISERVATA;NUM_MORTI;NUM_ILLESI;Longitudine;Latitudine;Confermato;Progressivo;TipoVeicolo;StatoVeicolo;TipoPersona;Sesso;Tipolesione;Deceduto;DecedutoDopo;CinturaCascoUtilizzato;Airbag
1802565;1;01/06/2009 08:30;Strada Urbana;VIALE PRETORIANO;all'intersezione semaforizzata con;VIALE PIERO GOBETTI;VIALE PIERO GOBETTI;;;Tamponamento;Intersezione semaforizzata;Una carreggiata a doppio senso;Bagnato (pioggia);Asfaltata;Verticale ed orizzontale;Pioggia in atto;Normale;Sufficiente;Ore Diurne;1;0;0;2;;;-1;1;Motociclo a solo;In marcia / fermata / arresto;Conducente;M;Rifiuta cure immediate;0;NON DECEDUTO;Non accertato;Inesistente
1802565;1;01/06/2009 08:30;Strada Urbana;VIALE PRETORIANO;all'intersezione semaforizzata con;VIALE PIERO GOBETTI;VIALE PIERO GOBETTI;;;Tamponamento;Intersezione semaforizzata;Una carreggiata a doppio senso;Bagnato (pioggia);Asfaltata;Verticale ed orizzontale;Pioggia in atto;Normale;Sufficiente;Ore Diurne;1;0;0;2;;;-1;2;Autovettura privata;In marcia / fermata / arresto;Conducente;M;Illeso;0;;Non accertato;Inesistente
1802565;1;01/06/2009 08:30;Strada Urbana;VIALE PRETORIANO;all'intersezione semaforizzata con;VIALE PIERO GOBETTI;VIALE PIERO GOBETTI;;;Tamponamento;Intersezione semaforizzata;Una carreggiata a doppio senso;Bagnato (pioggia);Asfaltata;Verticale ed orizzontale;Pioggia in atto;Normale;Sufficiente;Ore Diurne;1;0;0;2;;;-1;2;Autovettura privata;In marcia / fermata / arresto;Passeggero;M;Illeso;0;;Non accertato;Inesistente
1802567;1;01/06/2009 15:50;Strada Urbana;PIAZZA DI S. MARIA MAGGIORE;all'intersezione con;VIA DELL'ESQUILINO;VIA DELL'ESQUILINO;;;Tamponamento;Incrocio;Una carreggiata a senso unico di marcia;Asciutto;Asfaltata;Verticale ed orizzontale;Sereno;Normale;Buona;Ore Diurne;0;0;0;3;;;-1;1;Autovettura pubblica;In marcia / fermata / arresto;Conducente;M;Illeso;0;;Utilizzato;Inesistente
1802567;1;01/06/2009 15:50;Strada Urbana;PIAZZA DI S. MARIA MAGGIORE;all'intersezione con;VIA DELL'ESQUILINO;VIA DELL'ESQUILINO;;;Tamponamento;Incrocio;Una carreggiata a senso unico di marcia;Asciutto;Asfaltata;Verticale ed orizzontale;Sereno;Normale;Buona;Ore Diurne;0;0;0;3;;;-1;2;Autovettura privata;In marcia / fermata / arresto;Conducente;M;Illeso;0;;Utilizzato;Inesploso
1802567;1;01/06/2009 15:50;Strada Urbana;PIAZZA DI S. MARIA MAGGIORE;all'intersezione con;VIA DELL'ESQUILINO;VIA DELL'ESQUILINO;;;Tamponamento;Incrocio;Una carreggiata a senso unico di marcia;Asciutto;Asfaltata;Verticale ed orizzontale;Sereno;Normale;Buona;Ore Diurne;0;0;0;3;;;-1;2;Autovettura privata;In marcia / fermata / arresto;Passeggero;F;Illeso;0;;Utilizzato;Inesistente
1802568;1;02/06/2009 01:40;Strada Urbana;VIA NAZIONALE;all'intersezione semaforizzata con;VIA GENOVA;VIA GENOVA;;;Veicolo in marcia contro ostacolo fisso;Intersezione semaforizzata;Una carreggiata a doppio senso;Bagnato (umidità in atto);Acciotolata;Verticale ed orizzontale;Nuvoloso;Scarso;Sufficiente;Sufficiente;0;0;0;1;;;-1;1;Autobus urbano;In marcia / fermata / arresto;Conducente;M;Illeso;0;;Utilizzato;Inesistente
1802570;1;02/06/2009 14:35;Strada Urbana;VIA DEL TEATRO DI MARCELLO;in prossimità;;del palo luce n. ;20;;Scontro frontale/laterale SX fra veicoli in marcia;Rettilineo;Una carreggiata a doppio senso;Asciutto;Acciotolata;Verticale ed orizzontale;Nebbia;Intenso;Buona;Ore Diurne;1;0;0;1;;;-1;1;Autovettura privata;In marcia / fermata / arresto;Conducente;M;Illeso;0;;Non accertato;Inesistente
1802570;1;02/06/2009 14:35;Strada Urbana;VIA DEL TEATRO DI MARCELLO;in prossimità;;del palo luce n. ;20;;Scontro frontale/laterale SX fra veicoli in marcia;Rettilineo;Una carreggiata a doppio senso;Asciutto;Acciotolata;Verticale ed orizzontale;Nebbia;Intenso;Buona;Ore Diurne;1;0;0;1;;;-1;2;Motociclo a solo;In marcia / fermata / arresto;Conducente;M;Rimandato;0;NON DECEDUTO;Non accertato;Inesistente
1802571;1;02/06/2009 20:35;Strada Urbana;VIA GIOVANNI GIOLITTI;da specificare;;;;ALL'ALTEZZA FERMATA  ATAC;Scontro laterale fra veicoli in marcia;Rettilineo;Una carreggiata a senso unico di marcia;Asciutto;In cubetti di porfido;Verticale ed orizzontale;Sereno;Intenso;Sufficiente;Sufficiente;0;0;0;3;;;-1;1;Autovettura privata;In marcia / fermata / arresto;Conducente;M;Illeso;0;;Non accertato;Inesistente
1802571;1;02/06/2009 20:35;Strada Urbana;VIA GIOVANNI GIOLITTI;da specificare;;;;ALL'ALTEZZA FERMATA  ATAC;Scontro laterale fra veicoli in marcia;Rettilineo;Una carreggiata a senso unico di marcia;Asciutto;In cubetti di porfido;Verticale ed orizzontale;Sereno;Intenso;Sufficiente;Sufficiente;0;0;0;3;;;-1;1;Autovettura privata;In marcia / fermata / arresto;Passeggero;F;Illeso;0;;Non accertato;Inesistente
1802571;1;02/06/2009 20:35;Strada Urbana;VIA GIOVANNI GIOLITTI;da specificare;;;;ALL'ALTEZZA FERMATA  ATAC;Scontro laterale fra veicoli in marcia;Rettilineo;Una carreggiata a senso unico di marcia;Asciutto;In cubetti di porfido;Verticale ed orizzontale;Sereno;Intenso;Sufficiente;Sufficiente;0;0;0;3;;;-1;2;Ciclomotore;In marcia / fermata / arresto;Conducente;M;Illeso;0;;Non accertato;Inesistente
1802572;1;03/06/2009 01:00;Strada Urbana;VIA QUATTRO NOVEMBRE;in prossimità;;del civico n. ;149/150;;Tamponamento;Rettilineo;Una carreggiata a doppio senso;Asciutto;Acciotolata;Verticale ed orizzontale;Sereno;Scarso;Sufficiente;Sufficiente;1;0;0;1;;;-1;1;Motociclo a solo;In marcia / fermata / arresto;Conducente;F;Illeso;0;;Utilizzato;Inesistente
1802572;1;03/06/2009 01:00;Strada Urbana;VIA QUATTRO NOVEMBRE;in prossimità;;del civico n. ;149/150;;Tamponamento;Rettilineo;Una carreggiata a doppio senso;Asciutto;Acciotolata;Verticale ed orizzontale;Sereno;Scarso;Sufficiente;Sufficiente;1;0;0;1;;;-1;2;Autovettura privata;In marcia / fermata / arresto;Conducente;M;Rifiuta cure immediate;0;NON DECEDUTO;Non accertato;Inesistente
1802573;1;03/06/2009 01:00;Strada Urbana;VIA FILIPPO TURATI;all'intersezione semaforizzata con;VIA RATTAZZI;VIA RATTAZZI;;;Scontro frontale/laterale DX fra veicoli in marcia;Intersezione stradale segnalata;Due carreggiate;Asciutto;Asfaltata;Verticale ed orizzontale;Nuvoloso;Scarso;Sufficiente;Sufficiente;1;0;0;1;;;-1;1;Autovettura privata;In marcia / fermata / arresto;Conducente;M;Rifiuta cure immediate;0;NON DECEDUTO;Non accertato;Inesistente
1802573;1;03/06/2009 01:00;Strada Urbana;VIA FILIPPO TURATI;all'intersezione semaforizzata con;VIA RATTAZZI;VIA RATTAZZI;;;Scontro frontale/laterale DX fra veicoli in marcia;Intersezione stradale segnalata;Due carreggiate;Asciutto;Asfaltata;Verticale ed orizzontale;Nuvoloso;Scarso;Sufficiente;Sufficiente;1;0;0;1;;;-1;2;Autovettura privata;In marcia / fermata / arresto;Conducente;M;Illeso;0;;Non accertato;Inesistente
1802579;12;01/06/2009 17:45;Strada Urbana;VIA DI TOR PAGNOTTA;da specificare;;;;prox. Via Laurentina;Infortunio per caduta del veicolo;Rettilineo;Una carreggiata a doppio senso;Viscido da liquidi oleosi;Asfaltata;Verticale ed orizzontale;Sereno;Normale;Buona;Ore Diurne;0;0;0;2;;;-1;1;Motociclo a solo;In marcia / fermata / arresto;Conducente;M;Illeso;0;;Utilizzato;Inesistente
1802579;12;01/06/2009 17:45;Strada Urbana;VIA DI TOR PAGNOTTA;da specificare;;;;prox. Via Laurentina;Infortunio per caduta del veicolo;Rettilineo;Una carreggiata a doppio senso;Viscido da liquidi oleosi;Asfaltata;Verticale ed orizzontale;Sereno;Normale;Buona;Ore Diurne;0;0;0;2;;;-1;2;Veicolo speciale;In marcia / fermata / arresto;Conducente;M;Illeso;0;;Utilizzato;Inesistente
1802580;12;04/06/2009 08:45;Strada Urbana;LARGO MUSTAFA KEMAL ATATURK;all'intersezione con;VIALE DEI PRIMATI SPORTIVI;VIALE DEI PRIMATI SPORTIVI;;;Ribaltamento senza urto contro ostacolo fisso;Incrocio;Una carreggiata a doppio senso;Asciutto;Asfaltata;Verticale ed orizzontale;Sereno;Normale;Buona;Ore Diurne;1;0;0;2;;;-1;1;Motociclo a solo;In marcia / fermata / arresto;Conducente;M;Rimandato;0;NON DECEDUTO;Utilizzato;Inesistente
1802580;12;04/06/2009 08:45;Strada Urbana;LARGO MUSTAFA KEMAL ATATURK;all'intersezione con;VIALE DEI PRIMATI SPORTIVI;VIALE DEI PRIMATI SPORTIVI;;;Ribaltamento senza urto contro ostacolo fisso;Incrocio;Una carreggiata a doppio senso;Asciutto;Asfaltata;Verticale ed orizzontale;Sereno;Normale;Buona;Ore Diurne;1;0;0;2;;;-1;2;Autovettura privata;In marcia / fermata / arresto;Conducente;F;Illeso;0;;Non accertato;Inesistente
1802580;12;04/06/2009 08:45;Strada Urbana;LARGO MUSTAFA KEMAL ATATURK;all'intersezione con;VIALE DEI PRIMATI SPORTIVI;VIALE DEI PRIMATI SPORTIVI;;;Ribaltamento senza urto contro ostacolo fisso;Incrocio;Una carreggiata a doppio senso;Asciutto;Asfaltata;Verticale ed orizzontale;Sereno;Normale;Buona;Ore Diurne;1;0;0;2;;;-1;2;Autovettura privata;In marcia / fermata / arresto;Passeggero;F;Illeso;0;;Non accertato;Inesistente
1802582;13;01/06/2009 23:45;Strada Urbana;VIA AGOSTINO CHIGI;da specificare;;;;prossimità di VIA G. GIGLIOLI;Veicolo in marcia contro ostacolo fisso;Rettilineo;Una carreggiata a doppio senso;Bagnato (pioggia);Asfaltata;Assente;Pioggia in atto;Scarso;Insufficiente;Insufficiente;0;0;0;1;;;-1;1;Autovettura privata;In marcia / fermata / arresto;Conducente;M;Illeso;0;;Non accertato;Inesistente
1802583;13;03/06/2009 08:55;Strada Urbana;VIA FABIANO LANDI;in corrispondenza;;del civico n. ;42;;Scontro frontale/laterale SX fra veicoli in marcia;Pendenza;Una carreggiata a doppio senso;Asciutto;Asfaltata;Orizzontale;Sereno;Normale;Buona;Ore Diurne;0;0;0;3;;;-1;1;Autovettura privata;In marcia / fermata / arresto;Conducente;M;Illeso;0;;Non accertato;Inesploso
1802583;13;03/06/2009 08:55;Strada Urbana;VIA FABIANO LANDI;in corrispondenza;;del civico n. ;42;;Scontro frontale/laterale SX fra veicoli in marcia;Pendenza;Una carreggiata a doppio senso;Asciutto;Asfaltata;Orizzontale;Sereno;Normale;Buona;Ore Diurne;0;0;0;3;;;-1;2;Autocarro inferiore 35 q.;In marcia / fermata / arresto;Conducente;M;Illeso;0;;Non accertato;Inesploso
1802583;13;03/06/2009 08:55;Strada Urbana;VIA FABIANO LANDI;in corrispondenza;;del civico n. ;42;;Scontro frontale/laterale SX fra veicoli in marcia;Pendenza;Una carreggiata a doppio senso;Asciutto;Asfaltata;Orizzontale;Sereno;Normale;Buona;Ore Diurne;0;0;0;3;;;-1;2;Autocarro inferiore 35 q.;In marcia / fermata / arresto;Passeggero;M;Illeso;0;;Non accertato;Inesploso
1802584;13;03/06/2009 09:55;Strada Urbana;VIA GIANCARLO PASSERONI;in prossimità;;del civico n. ;32;;Investimento di pedone;Rettilineo;Una carreggiata a doppio senso;Asciutto;Asfaltata;Orizzontale;Sereno;Normale;Buona;Ore Diurne;1;0;0;3;;;-1;;;;Pedone;F;Rimandato;0;NON DECEDUTO;;
1802584;13;03/06/2009 09:55;Strada Urbana;VIA GIANCARLO PASSERONI;in prossimità;;del civico n. ;32;;Investimento di pedone;Rettilineo;Una carreggiata a doppio senso;Asciutto;Asfaltata;Orizzontale;Sereno;Normale;Buona;Ore Diurne;1;0;0;3;;;-1;1;Autovettura privata;In marcia / fermata / arresto;Conducente;M;Illeso;0;;Non accertato;Inesploso
1802584;13;03/06/2009 09:55;Strada Urbana;VIA GIANCARLO PASSERONI;in prossimità;;del civico n. ;32;;Investimento di pedone;Rettilineo;Una carreggiata a doppio senso;Asciutto;Asfaltata;Orizzontale;Sereno;Normale;Buona;Ore Diurne;1;0;0;3;;;-1;1;Autovettura privata;In marcia / fermata / arresto;Passeggero;F;Illeso;0;;Non accertato;Inesploso
1802584;13;03/06/2009 09:55;Strada Urbana;VIA GIANCARLO PASSERONI;in prossimità;;del civico n. ;32;;Investimento di pedone;Rettilineo;Una carreggiata a doppio senso;Asciutto;Asfaltata;Orizzontale;Sereno;Normale;Buona;Ore Diurne;1;0;0;3;;;-1;1;Autovettura privata;In marcia / fermata / arresto;Passeggero;F;Illeso;0;;Non accertato;Inesploso
1802585;13;03/06/2009 10:00;Strada Urbana;VIALE VASCO DE GAMA;all'intersezione con;VIALE DELLE REPUBBLICHE MARINARE;VIALE DELLE REPUBBLICHE MARINARE;;;Scontro laterale fra veicoli in marcia;Intersezione stradale segnalata;Due carreggiate;Asciutto;Asfaltata;Verticale;Sereno;Normale;Buona;Ore Diurne;0;0;0;3;;;-1;1;Autocarro inferiore 35 q.;In marcia / fermata / arresto;Conducente;M;Illeso;0;;Non accertato;Inesistente
1802585;13;03/06/2009 10:00;Strada Urbana;VIALE VASCO DE GAMA;all'intersezione con;VIALE DELLE REPUBBLICHE MARINARE;VIALE DELLE REPUBBLICHE MARINARE;;;Scontro laterale fra veicoli in marcia;Intersezione stradale segnalata;Due carreggiate;Asciutto;Asfaltata;Verticale;Sereno;Normale;Buona;Ore Diurne;0;0;0;3;;;-1;2;Autovettura privata;In marcia / fermata / arresto;Conducente;M;Illeso;0;;Non accertato;Inesistente
1802585;13;03/06/2009 10:00;Strada Urbana;VIALE VASCO DE GAMA;all'intersezione con;VIALE DELLE REPUBBLICHE MARINARE;VIALE DELLE REPUBBLICHE MARINARE;;;Scontro laterale fra veicoli in marcia;Intersezione stradale segnalata;Due carreggiate;Asciutto;Asfaltata;Verticale;Sereno;Normale;Buona;Ore Diurne;0;0;0;3;;;-1;2;Autovettura privata;In marcia / fermata / arresto;Passeggero;F;Illeso;0;;Non accertato;Inesistente
1802586;13;03/06/2009 10:45;Strada Urbana;VIA DI SAPONARA;all'intersezione con;VIA FRANCESCO SAVERIO ALTAMURA;VIA FRANCESCO SAVERIO ALTAMURA;;;Scontro frontale/laterale SX fra veicoli in marcia;Incrocio;Una carreggiata a doppio senso;Asciutto;Asfaltata;Verticale ed orizzontale;Sereno;Normale;Buona;Ore Diurne;5;0;0;1;;;-1;1;Autobus di linea;In marcia / fermata / arresto;Conducente;M;Illeso;0;;Non accertato;Inesploso
1802586;13;03/06/2009 10:45;Strada Urbana;VIA DI SAPONARA;all'intersezione con;VIA FRANCESCO SAVERIO ALTAMURA;VIA FRANCESCO SAVERIO ALTAMURA;;;Scontro frontale/laterale SX fra veicoli in marcia;Incrocio;Una carreggiata a doppio senso;Asciutto;Asfaltata;Verticale ed orizzontale;Sereno;Normale;Buona;Ore Diurne;5;0;0;1;;;-1;1;Autobus di linea;In marcia / fermata / arresto;Passeggero;F;Rimandato;0;NON DECEDUTO;Non accertato;Inesploso
1802586;13;03/06/2009 10:45;Strada Urbana;VIA DI SAPONARA;all'intersezione con;VIA FRANCESCO SAVERIO ALTAMURA;VIA FRANCESCO SAVERIO ALTAMURA;;;Scontro frontale/laterale SX fra veicoli in marcia;Incrocio;Una carreggiata a doppio senso;Asciutto;Asfaltata;Verticale ed orizzontale;Sereno;Normale;Buona;Ore Diurne;5;0;0;1;;;-1;1;Autobus di linea;In marcia / fermata / arresto;Passeggero;F;Rimandato;0;NON DECEDUTO;Non accertato;Inesploso
1802586;13;03/06/2009 10:45;Strada Urbana;VIA DI SAPONARA;all'intersezione con;VIA FRANCESCO SAVERIO ALTAMURA;VIA FRANCESCO SAVERIO ALTAMURA;;;Scontro frontale/laterale SX fra veicoli in marcia;Incrocio;Una carreggiata a doppio senso;Asciutto;Asfaltata;Verticale ed orizzontale;Sereno;Normale;Buona;Ore Diurne;5;0;0;1;;;-1;1;Autobus di linea;In marcia / fermata / arresto;Passeggero;M;Rimandato;0;NON DECEDUTO;Non accertato;Inesploso
1802586;13;03/06/2009 10:45;Strada Urbana;VIA DI SAPONARA;all'intersezione con;VIA FRANCESCO SAVERIO ALTAMURA;VIA FRANCESCO SAVERIO ALTAMURA;;;Scontro frontale/laterale SX fra veicoli in marcia;Incrocio;Una carreggiata a doppio senso;Asciutto;Asfaltata;Verticale ed orizzontale;Sereno;Normale;Buona;Ore Diurne;5;0;0;1;;;-1;2;Autovettura privata;In marcia / fermata / arresto;Conducente;M;Rimandato;0;NON DECEDUTO;Non accertato;Inesploso
1802586;13;03/06/2009 10:45;Strada Urbana;VIA DI SAPONARA;all'intersezione con;VIA FRANCESCO SAVERIO ALTAMURA;VIA FRANCESCO SAVERIO ALTAMURA;;;Scontro frontale/laterale SX fra veicoli in marcia;Incrocio;Una carreggiata a doppio senso;Asciutto;Asfaltata;Verticale ed orizzontale;Sereno;Normale;Buona;Ore Diurne;5;0;0;1;;;-1;2;Autovettura privata;In marcia / fermata / arresto;Passeggero;F;Rimandato;0;NON DECEDUTO;Non accertato;Inesploso
1802587;13;03/06/2009 12:15;Statale;VIA OSTIENSE;all'intersezione con;VIA DI MALAFEDE;VIA DI MALAFEDE;;;Scontro frontale/laterale SX fra veicoli in marcia;Incrocio;Una carreggiata a doppio senso;Asciutto;Asfaltata;Verticale ed orizzontale;Sereno;Intenso;Buona;Ore Diurne;1;0;0;1;;;-1;1;Autovettura privata;In marcia / fermata / arresto;Conducente;F;Illeso;0;;Non accertato;Inesistente
1802587;13;03/06/2009 12:15;Statale;VIA OSTIENSE;all'intersezione con;VIA DI MALAFEDE;VIA DI MALAFEDE;;;Scontro frontale/laterale SX fra veicoli in marcia;Incrocio;Una carreggiata a doppio senso;Asciutto;Asfaltata;Verticale ed orizzontale;Sereno;Intenso;Buona;Ore Diurne;1;0;0;1;;;-1;2;Motociclo a solo;In marcia / fermata / arresto;Conducente;M;Rimandato;0;NON DECEDUTO;Utilizzato;Inesistente
1802588;13;03/06/2009 15:40;Strada Urbana;VIA DI DRAGONE;da specificare;;;;altezza via G. Salvaterra;Scontro laterale fra veicoli in marcia;Rettilineo;Una carreggiata a doppio senso;Asciutto;Asfaltata;Verticale;Sereno;Normale;Buona;Ore Diurne;0;0;0;2;;;-1;1;Autovettura privata;In marcia / fermata / arresto;Conducente;F;Illeso;0;;Non accertato;Inesploso
1802588;13;03/06/2009 15:40;Strada Urbana;VIA DI DRAGONE;da specificare;;;;altezza via G. Salvaterra;Scontro laterale fra veicoli in marcia;Rettilineo;Una carreggiata a doppio senso;Asciutto;Asfaltata;Verticale;Sereno;Normale;Buona;Ore Diurne;0;0;0;2;;;-1;2;Autovettura privata;In marcia / fermata / arresto;Conducente;M;Illeso;0;;Non accertato;Inesploso
1802589;13;03/06/2009 16:25;Strada Urbana;VIA CRISTOFORO COLOMBO;da specificare;;;;altezza via di Acilia;Tamponamento;Rettilineo;Una carreggiata a senso unico di marcia;Asciutto;Asfaltata;Verticale ed orizzontale;Sereno;Intenso;Buona;Ore Diurne;0;0;0;2;;;-1;1;Autovettura privata;In marcia / fermata / arresto;Conducente;M;Illeso;0;;Non accertato;Inesploso
1802589;13;03/06/2009 16:25;Strada Urbana;VIA CRISTOFORO COLOMBO;da specificare;;;;altezza via di Acilia;Tamponamento;Rettilineo;Una carreggiata a senso unico di marcia;Asciutto;Asfaltata;Verticale ed orizzontale;Sereno;Intenso;Buona;Ore Diurne;0;0;0;2;;;-1;2;Autovettura privata;In marcia / fermata / arresto;Conducente;F;Illeso;0;;Non accertato;Inesploso
1802590;13;03/06/2009 20:15;Strada Urbana;VIA DI MACCHIA SAPONARA;in corrispondenza;;del civico n. ;247;;Scontro laterale fra veicoli in marcia;Rettilineo;Una carreggiata a doppio senso;Asciutto;Asfaltata;Orizzontale;Sereno;Intenso;Buona;Ore Diurne;1;0;0;1;;;-1;1;Autovettura privata;In marcia / fermata / arresto;Conducente;M;Illeso;0;;Non accertato;Inesploso
1802590;13;03/06/2009 20:15;Strada Urbana;VIA DI MACCHIA SAPONARA;in corrispondenza;;del civico n. ;247;;Scontro laterale fra veicoli in marcia;Rettilineo;Una carreggiata a doppio senso;Asciutto;Asfaltata;Orizzontale;Sereno;Intenso;Buona;Ore Diurne;1;0;0;1;;;-1;2;Motociclo a solo;In marcia / fermata / arresto;Conducente;M;Ricoverato;0;NON DECEDUTO;Non accertato;Inesistente
1802591;15;03/06/2009 07:45;Strada Urbana;VIA ODERISI DA GUBBIO;in prossimità;;del civico n. ;109;;Tamponamento;Rettilineo;Una carreggiata a doppio senso;Asciutto;Asfaltata;Orizzontale;Sereno;Normale;Buona;Ore Diurne;1;0;0;1;;;-1;1;Motociclo a solo;In marcia / fermata / arresto;Conducente;M;Illeso;0;;Utilizzato;Inesistente
1802591;15;03/06/2009 07:45;Strada Urbana;VIA ODERISI DA GUBBIO;in prossimità;;del civico n. ;109;;Tamponamento;Rettilineo;Una carreggiata a doppio senso;Asciutto;Asfaltata;Orizzontale;Sereno;Normale;Buona;Ore Diurne;1;0;0;1;;;-1;2;Motociclo a solo;In marcia / fermata / arresto;Conducente;M;Rimandato;0;NON DECEDUTO;Utilizzato;Inesistente
1802592;15;03/06/2009 09:10;Strada Urbana;VIALE CASTELLO DELLA MAGLIANA;all'intersezione con;AUTOSTRADA ROMA AEROPORTO DI FIUMICINO;AUTOSTRADA ROMA AEROPORTO DI FIUMICINO;;;Veicolo in marcia contro veicolo fermo;Intersezione stradale segnalata;Una carreggiata a senso unico di marcia;Asciutto;Asfaltata;Assente;Sereno;Normale;Buona;Ore Diurne;0;0;0;2;;;-1;1;Autovettura privata;In marcia / fermata / arresto;Conducente;M;Illeso;0;;Utilizzato;Inesistente
1802592;15;03/06/2009 09:10;Strada Urbana;VIALE CASTELLO DELLA MAGLIANA;all'intersezione con;AUTOSTRADA ROMA AEROPORTO DI FIUMICINO;AUTOSTRADA ROMA AEROPORTO DI FIUMICINO;;;Veicolo in marcia contro veicolo fermo;Intersezione stradale segnalata;Una carreggiata a senso unico di marcia;Asciutto;Asfaltata;Assente;Sereno;Normale;Buona;Ore Diurne;0;0;0;2;;;-1;2;Autobus in extraurbana;In marcia / fermata / arresto;Conducente;M;Illeso;0;;Utilizzato;Inesistente
1802593;15;03/06/2009 10:30;Strada Urbana;VIA ETTORE PALADINI;all'intersezione con;VIA NICOLA PELLATI;VIA NICOLA PELLATI;;;Scontro frontale/laterale SX fra veicoli in marcia;Incrocio;Una carreggiata a senso unico di marcia;Asciutto;Asfaltata;Verticale;Sereno;Normale;Sufficiente;Ore Diurne;0;0;0;2;;;-1;1;Autovettura privata;In marcia / fermata / arresto;Conducente;F;Illeso;0;;Utilizzato;Inesistente
1802593;15;03/06/2009 10:30;Strada Urbana;VIA ETTORE PALADINI;all'intersezione con;VIA NICOLA PELLATI;VIA NICOLA PELLATI;;;Scontro frontale/laterale SX fra veicoli in marcia;Incrocio;Una carreggiata a senso unico di marcia;Asciutto;Asfaltata;Verticale;Sereno;Normale;Sufficiente;Ore Diurne;0;0;0;2;;;-1;2;Autovettura privata;In marcia / fermata / arresto;Conducente;M;Illeso;0;;Utilizzato;Inesistente
1802594;15;03/06/2009 13:30;Comunale extraurbana;VIA DELLA MAGLIANA;in corrispondenza;;del civico n. ;1240;;Tamponamento Multiplo;Rettilineo;Una carreggiata a doppio senso;Asciutto;Asfaltata;Verticale ed orizzontale;Sereno;Normale;Buona;Ore Diurne;2;0;0;3;;;-1;1;Autovettura privata;In marcia / fermata / arresto;Passeggero;F;Illeso;0;;Utilizzato;Inesistente
1802594;15;03/06/2009 13:30;Comunale extraurbana;VIA DELLA MAGLIANA;in corrispondenza;;del civico n. ;1240;;Tamponamento Multiplo;Rettilineo;Una carreggiata a doppio senso;Asciutto;Asfaltata;Verticale ed orizzontale;Sereno;Normale;Buona;Ore Diurne;2;0;0;3;;;-1;1;Autovettura privata;In marcia / fermata / arresto;Conducente;F;Illeso;0;;Utilizzato;Inesistente
1802594;15;03/06/2009 13:30;Comunale extraurbana;VIA DELLA MAGLIANA;in corrispondenza;;del civico n. ;1240;;Tamponamento Multiplo;Rettilineo;Una carreggiata a doppio senso;Asciutto;Asfaltata;Verticale ed orizzontale;Sereno;Normale;Buona;Ore Diurne;2;0;0;3;;;-1;2;Autocarro inferiore 35 q.;In marcia / fermata / arresto;Conducente;M;Illeso;0;;Utilizzato;Inesistente
1802594;15;03/06/2009 13:30;Comunale extraurbana;VIA DELLA MAGLIANA;in corrispondenza;;del civico n. ;1240;;Tamponamento Multiplo;Rettilineo;Una carreggiata a doppio senso;Asciutto;Asfaltata;Verticale ed orizzontale;Sereno;Normale;Buona;Ore Diurne;2;0;0;3;;;-1;3;Autovettura privata;In marcia / fermata / arresto;Conducente;F;Rimandato;0;NON DECEDUTO;Utilizzato;Inesistente
1802594;15;03/06/2009 13:30;Comunale extraurbana;VIA DELLA MAGLIANA;in corrispondenza;;del civico n. ;1240;;Tamponamento Multiplo;Rettilineo;Una carreggiata a doppio senso;Asciutto;Asfaltata;Verticale ed orizzontale;Sereno;Normale;Buona;Ore Diurne;2;0;0;3;;;-1;3;Autovettura privata;In marcia / fermata / arresto;Passeggero;M;Rimandato;0;NON DECEDUTO;Utilizzato;Inesistente
1802595;15;03/06/2009 13:50;Strada Urbana;VIA DELLA MAGLIANA;in prossimità;;del civico n. ;152;;Investimento di pedone;Rettilineo;Una carreggiata a doppio senso;Asciutto;Asfaltata;Verticale ed orizzontale;Sereno;Scarso;Buona;Ore Diurne;1;0;0;1;;;-1;;;;Pedone;M;Rimandato;0;NON DECEDUTO;;
1802595;15;03/06/2009 13:50;Strada Urbana;VIA DELLA MAGLIANA;in prossimità;;del civico n. ;152;;Investimento di pedone;Rettilineo;Una carreggiata a doppio senso;Asciutto;Asfaltata;Verticale ed orizzontale;Sereno;Scarso;Buona;Ore Diurne;1;0;0;1;;;-1;1;Autovettura privata;In marcia / fermata / arresto;Conducente;M;Illeso;0;;Utilizzato;Inesistente
1802596;15;03/06/2009 15:30;Strada Urbana;VIA CAMILLO MONTALCINI;in corrispondenza;;del civico n. ;12;;Veicolo in marcia contro veicolo in sosta;Rettilineo;Una carreggiata a doppio senso;Asciutto;Asfaltata;Verticale;Sereno;Scarso;Buona;Ore Diurne;0;0;0;1;;;-1;2;Autobus urbano;In marcia / fermata / arresto;Conducente;M;Illeso;0;;Non accertato;Inesistente
1802597;15;03/06/2009 15:50;Strada Urbana;VIA ODERISI DA GUBBIO;in prossimità;;del civico n. ;207;;Scontro frontale/laterale DX fra veicoli in marcia;Rettilineo;Una carreggiata a doppio senso;Asciutto;Asfaltata;Orizzontale;Sereno;Normale;Buona;Ore Diurne;1;0;0;2;;;-1;1;Ciclomotore;In marcia / fermata / arresto;Conducente;F;Rimandato;0;NON DECEDUTO;Utilizzato;Inesistente
1802597;15;03/06/2009 15:50;Strada Urbana;VIA ODERISI DA GUBBIO;in prossimità;;del civico n. ;207;;Scontro frontale/laterale DX fra veicoli in marcia;Rettilineo;Una carreggiata a doppio senso;Asciutto;Asfaltata;Orizzontale;Sereno;Normale;Buona;Ore Diurne;1;0;0;2;;;-1;2;Autovettura privata;In marcia / fermata / arresto;Conducente;F;Illeso;0;;Utilizzato;Inesistente