Protocollo;Gruppo;DataOraIncidente;Localizzazione1;STRADA1;Localizzazione2;STRADA2;Strada02;Chilometrica;DaSpecificare;NaturaIncidente;particolaritastrade;TipoStrada;FondoStradale;Pavimentazione;Segnaletica;CondizioneAtmosferica;Traffico;Visibilita;Illuminazione;NUM_FERITI;NUM_RISERVATA;NUM_MORTI;NUM_ILLESI;Longitudine;Latitudine;Confermato;Progressivo;TipoVeicolo;StatoVeicolo;TipoPersona;Sesso;Tipolesione;Deceduto;DecedutoDopo;CinturaCascoUtilizzato;Airbag
1803013;9;07/06/2009 17:30;Strada Urbana;VIA APPIA NUOVA;in corrispondenza;;del civico n. ;712;;Scontro laterale fra veicoli in marcia;Rettilineo;Due carreggiate;Asciutto;Asfaltata;Verticale ed orizzontale;Sereno;Scarso;Buona;Ore Diurne;0;0;0;4;;;-1;1;Autovettura privata;In marcia / fermata / arresto;Conducente;M;Illeso;0;;Non accertato;Inesistente
1803013;9;07/06/2009 17:30;Strada Urbana;VIA APPIA NUOVA;in corrispondenza;;del civico n. ;712;;Scontro laterale fra veicoli in marcia;Rettilineo;Due carreggiate;Asciutto;Asfaltata;Verticale ed orizzontale;Sereno;Scarso;Buona;Ore Diurne;0;0;0;4;;;-1;1;Autovettura privata;In marcia / fermata / arresto;Passeggero;F;Illeso;0;;Non accertato;Inesistente
1803013;9;07/06/2009 17:30;Strada Urbana;VIA APPIA NUOVA;in corrispondenza;;del civico n. ;712;;Scontro laterale fra veicoli in marcia;Rettilineo;Due carreggiate;Asciutto;Asfaltata;Verticale ed orizzontale;Sereno;Scarso;Buona;Ore Diurne;0;0;0;4;;;-1;2;Motociclo con passeggero;In marcia / fermata / arresto;Conducente;F;Illeso;0;;Utilizzato;Inesistente
1803013;9;07/06/2009 17:30;Strada Urbana;VIA APPIA NUOVA;in corrispondenza;;del civico n. ;712;;Scontro laterale fra veicoli in marcia;Rettilineo;Due carreggiate;Asciutto;Asfaltata;Verticale ed orizzontale;Sereno;Scarso;Buona;Ore Diurne;0;0;0;4;;;-1;2;Motociclo con passeggero;In marcia / fermata / arresto;Passeggero;M;Illeso;0;;Utilizzato;Inesistente
1803014;9;07/06/2009 19:40;Strada Urbana;VIALE CARLO FELICE;da specificare;;;;fronte VIA SICCARDI;Scontro laterale fra veicoli in marcia;Rettilineo;Più di due carreggiate;Asciutto;Asfaltata;Verticale ed orizzontale;Sereno;Normale;Buona;Sufficiente;1;0;0;2;;;-1;1;Autovettura privata;In marcia / fermata / arresto;Conducente;M;Illeso;0;;Non accertato;Inesistente
1803014;9;07/06/2009 19:40;Strada Urbana;VIALE CARLO FELICE;da specificare;;;;fronte VIA SICCARDI;Scontro laterale fra veicoli in marcia;Rettilineo;Più di due carreggiate;Asciutto;Asfaltata;Verticale ed orizzontale;Sereno;Normale;Buona;Sufficiente;1;0;0;2;;;-1;1;Autovettura privata;In marcia / fermata / arresto;Passeggero;F;Illeso;0;;Non accertato;Inesistente
1803014;9;07/06/2009 19:40;Strada Urbana;VIALE CARLO FELICE;da specificare;;;;fronte VIA SICCARDI;Scontro laterale fra veicoli in marcia;Rettilineo;Più di due carreggiate;Asciutto;Asfaltata;Verticale ed orizzontale;Sereno;Normale;Buona;Sufficiente;1;0;0;2;;;-1;2;Motociclo a solo;In marcia / fermata / arresto;Conducente;F;Rimandato;0;NON DECEDUTO;Non accertato;Inesistente
1803015;23;05/06/2009 15:17;Strada Urbana;LUNGOTEVERE MARESCIALLO CADORNA;all'intersezione semaforizzata con;LUNGOTEVERE MARESCIALLO CADORNA;LUNGOTEVERE MARESCIALLO CADORNA;;;Scontro laterale fra veicoli in marcia;Intersezione semaforizzata;Due carreggiate;Asciutto;Asfaltata;Verticale ed orizzontale;Sereno;Scarso;Buona;Ore Diurne;0;0;0;2;;;-1;1;Autovettura privata;In marcia / fermata / arresto;Conducente;F;Illeso;0;;Non accertato;Inesploso
1803015;23;05/06/2009 15:17;Strada Urbana;LUNGOTEVERE MARESCIALLO CADORNA;all'intersezione semaforizzata con;LUNGOTEVERE MARESCIALLO CADORNA;LUNGOTEVERE MARESCIALLO CADORNA;;;Scontro laterale fra veicoli in marcia;Intersezione semaforizzata;Due carreggiate;Asciutto;Asfaltata;Verticale ed orizzontale;Sereno;Scarso;Buona;Ore Diurne;0;0;0;2;;;-1;2;Autobus di linea;In marcia / fermata / arresto;Conducente;M;Illeso;0;;Esente;Inesploso
1803016;23;07/06/2009 19:30;Comunale extraurbana;VIA CRISTOFORO COLOMBO;in corrispondenza;;della chilometrica ;23,5;;Infortunio per caduta del veicolo;Rettilineo;Più di due carreggiate;Asciutto;Asfaltata;Verticale ed orizzontale;Sereno;Normale;Buona;Ore Diurne;1;0;0;0;;;-1;1;Motociclo a solo;In marcia / fermata / arresto;Conducente;M;Rimandato;0;NON DECEDUTO;Utilizzato;Inesistente
1803017;23;08/06/2009 09:15;Strada Urbana;VIA CRISTOFORO COLOMBO;all'intersezione semaforizzata con;VIA DEL CANALE DELLA LINGUA;VIA DEL CANALE DELLA LINGUA;;;Scontro frontale/laterale DX fra veicoli in marcia;Intersezione semaforizzata;Più di due carreggiate;Asciutto;Asfaltata;Verticale ed orizzontale;Sereno;Normale;Buona;Ore Diurne;2;0;0;0;;;-1;1;Autovettura privata;In marcia / fermata / arresto;Conducente;M;Rifiuta cure immediate;0;NON DECEDUTO;Utilizzato;Esploso
1803017;23;08/06/2009 09:15;Strada Urbana;VIA CRISTOFORO COLOMBO;all'intersezione semaforizzata con;VIA DEL CANALE DELLA LINGUA;VIA DEL CANALE DELLA LINGUA;;;Scontro frontale/laterale DX fra veicoli in marcia;Intersezione semaforizzata;Più di due carreggiate;Asciutto;Asfaltata;Verticale ed orizzontale;Sereno;Normale;Buona;Ore Diurne;2;0;0;0;;;-1;2;Motociclo a solo;In marcia / fermata / arresto;Conducente;M;Ricoverato;0;NON DECEDUTO;Utilizzato;Inesistente
1803018;1;04/06/2009 13:35;Strada Urbana;PIAZZA GIUSEPPE GIOACHINO BELLI;all'intersezione con;LUNGOTEVERE DEGLI ANGUILLARA;LUNGOTEVERE DEGLI ANGUILLARA;;;Scontro frontale/laterale SX fra veicoli in marcia;Incrocio;Più di due carreggiate;Asciutto;Asfaltata;Verticale ed orizzontale;Sereno;Normale;Buona;Ore Diurne;0;0;0;3;;;-1;1;Autovettura privata;In marcia / fermata / arresto;Conducente;M;Illeso;0;;Utilizzato;Inesistente
1803018;1;04/06/2009 13:35;Strada Urbana;PIAZZA GIUSEPPE GIOACHINO BELLI;all'intersezione con;LUNGOTEVERE DEGLI ANGUILLARA;LUNGOTEVERE DEGLI ANGUILLARA;;;Scontro frontale/laterale SX fra veicoli in marcia;Incrocio;Più di due carreggiate;Asciutto;Asfaltata;Verticale ed orizzontale;Sereno;Normale;Buona;Ore Diurne;0;0;0;3;;;-1;2;Autoambulanza;In marcia / fermata / arresto;Conducente;M;Illeso;0;;Utilizzato;Inesistente
1803018;1;04/06/2009 13:35;Strada Urbana;PIAZZA GIUSEPPE GIOACHINO BELLI;all'intersezione con;LUNGOTEVERE DEGLI ANGUILLARA;LUNGOTEVERE DEGLI ANGUILLARA;;;Scontro frontale/laterale SX fra veicoli in marcia;Incrocio;Più di due carreggiate;Asciutto;Asfaltata;Verticale ed orizzontale;Sereno;Normale;Buona;Ore Diurne;0;0;0;3;;;-1;2;Autoambulanza;In marcia / fermata / arresto;Passeggero;M;Illeso;0;;Utilizzato;Inesistente
1803019;1;04/06/2009 17:40;Strada Urbana;VIA CAVOUR;in prossimità;;del civico n. ;105;;Scontro laterale fra veicoli in marcia;Rettilineo;Una carreggiata a doppio senso;Asciutto;Asfaltata;Verticale ed orizzontale;Sereno;Normale;Buona;Ore Diurne;1;0;0;2;;;-1;1;Motociclo a solo;In marcia / fermata / arresto;Conducente;M;Rifiuta cure immediate;0;NON DECEDUTO;Utilizzato;Inesistente
1803019;1;04/06/2009 17:40;Strada Urbana;VIA CAVOUR;in prossimità;;del civico n. ;105;;Scontro laterale fra veicoli in marcia;Rettilineo;Una carreggiata a doppio senso;Asciutto;Asfaltata;Verticale ed orizzontale;Sereno;Normale;Buona;Ore Diurne;1;0;0;2;;;-1;2;Autovettura privata;In marcia / fermata / arresto;Conducente;M;Illeso;0;;Utilizzato;Inesistente
1803019;1;04/06/2009 17:40;Strada Urbana;VIA CAVOUR;in prossimità;;del civico n. ;105;;Scontro laterale fra veicoli in marcia;Rettilineo;Una carreggiata a doppio senso;Asciutto;Asfaltata;Verticale ed orizzontale;Sereno;Normale;Buona;Ore Diurne;1;0;0;2;;;-1;2;Autovettura privata;In marcia / fermata / arresto;Passeggero;M;Illeso;0;;Utilizzato;Inesistente
1803020;1;06/06/2009 00:20;Strada Urbana;VIALE DI TRASTEVERE;all'intersezione con;VIALE AURELIO SAFFI;VIALE AURELIO SAFFI;;;Scontro frontale/laterale DX fra veicoli in marcia;Incrocio;Più di due carreggiate;Asciutto;Asfaltata;Verticale ed orizzontale;Sereno;Normale;Sufficiente;Sufficiente;0;0;0;2;;;-1;1;Ciclomotore;In marcia / fermata / arresto;Conducente;M;Illeso;0;;Utilizzato;Inesistente
1803020;1;06/06/2009 00:20;Strada Urbana;VIALE DI TRASTEVERE;all'intersezione con;VIALE AURELIO SAFFI;VIALE AURELIO SAFFI;;;Scontro frontale/laterale DX fra veicoli in marcia;Incrocio;Più di due carreggiate;Asciutto;Asfaltata;Verticale ed orizzontale;Sereno;Normale;Sufficiente;Sufficiente;0;0;0;2;;;-1;2;Motociclo a solo;In marcia / fermata / arresto;Conducente;M;Illeso;0;;Utilizzato;Inesistente
1803021;1;06/06/2009 04:00;Strada Urbana;PIAZZA VENEZIA;all'intersezione con;VIA DEL CORSO;VIA DEL CORSO;;;Scontro frontale/laterale DX fra veicoli in marcia;Incrocio;Una carreggiata a senso unico di marcia;Asciutto;Acciotolata;Verticale ed orizzontale;Sereno;Scarso;Buona;Sufficiente;2;0;0;1;;;-1;1;Motociclo con passeggero;In marcia / fermata / arresto;Conducente;M;Rifiuta cure immediate;0;NON DECEDUTO;Utilizzato;Inesistente
1803021;1;06/06/2009 04:00;Strada Urbana;PIAZZA VENEZIA;all'intersezione con;VIA DEL CORSO;VIA DEL CORSO;;;Scontro frontale/laterale DX fra veicoli in marcia;Incrocio;Una carreggiata a senso unico di marcia;Asciutto;Acciotolata;Verticale ed orizzontale;Sereno;Scarso;Buona;Sufficiente;2;0;0;1;;;-1;1;Motociclo con passeggero;In marcia / fermata / arresto;Passeggero;M;Rifiuta cure immediate;0;NON DECEDUTO;Utilizzato;Inesistente
1803021;1;06/06/2009 04:00;Strada Urbana;PIAZZA VENEZIA;all'intersezione con;VIA DEL CORSO;VIA DEL CORSO;;;Scontro frontale/laterale DX fra veicoli in marcia;Incrocio;Una carreggiata a senso unico di marcia;Asciutto;Acciotolata;Verticale ed orizzontale;Sereno;Scarso;Buona;Sufficiente;2;0;0;1;;;-1;2;Autovettura privata;In marcia / fermata / arresto;Conducente;F;Illeso;0;;Utilizzato;Inesistente
1803022;1;07/06/2009 01:10;Strada Urbana;PONTE GARIBALDI;in prossimità;;del palo luce n. ;1;;Tamponamento Multiplo;Rettilineo;Due carreggiate;Asciutto;Asfaltata;Verticale ed orizzontale;Sereno;Normale;Buona;Sufficiente;0;0;0;3;;;-1;1;Autovettura privata;In marcia / fermata / arresto;Conducente;F;Illeso;0;;Non accertato;Inesistente
1803022;1;07/06/2009 01:10;Strada Urbana;PONTE GARIBALDI;in prossimità;;del palo luce n. ;1;;Tamponamento Multiplo;Rettilineo;Due carreggiate;Asciutto;Asfaltata;Verticale ed orizzontale;Sereno;Normale;Buona;Sufficiente;0;0;0;3;;;-1;2;Autovettura privata;In marcia / fermata / arresto;Conducente;M;Illeso;0;;Non accertato;Inesistente
1803022;1;07/06/2009 01:10;Strada Urbana;PONTE GARIBALDI;in prossimità;;del palo luce n. ;1;;Tamponamento Multiplo;Rettilineo;Due carreggiate;Asciutto;Asfaltata;Verticale ed orizzontale;Sereno;Normale;Buona;Sufficiente;0;0;0;3;;;-1;3;Autovettura privata;In marcia / fermata / arresto;Conducente;M;Illeso;0;;Non accertato;Inesistente
1803024;11;08/06/2009 09:05;Strada Urbana;VIA LEON PANCALDO;all'intersezione con;VIA ANTONIO MALFANTE;VIA ANTONIO MALFANTE;;;Scontro frontale/laterale SX fra veicoli in marcia;Incrocio;Una carreggiata a doppio senso;Asciutto;Asfaltata;Verticale ed orizzontale;Sereno;Scarso;Buona;Ore Diurne;0;0;0;3;;;-1;1;Autovettura privata;In marcia / fermata / arresto;Conducente;M;Illeso;0;;Non accertato;Esploso
1803024;11;08/06/2009 09:05;Strada Urbana;VIA LEON PANCALDO;all'intersezione con;VIA ANTONIO MALFANTE;VIA ANTONIO MALFANTE;;;Scontro frontale/laterale SX fra veicoli in marcia;Incrocio;Una carreggiata a doppio senso;Asciutto;Asfaltata;Verticale ed orizzontale;Sereno;Scarso;Buona;Ore Diurne;0;0;0;3;;;-1;2;Autovettura privata;In marcia / fermata / arresto;Conducente;M;Illeso;0;;Non accertato;Inesploso
1803024;11;08/06/2009 09:05;Strada Urbana;VIA LEON PANCALDO;all'intersezione con;VIA ANTONIO MALFANTE;VIA ANTONIO MALFANTE;;;Scontro frontale/laterale SX fra veicoli in marcia;Incrocio;Una carreggiata a doppio senso;Asciutto;Asfaltata;Verticale ed orizzontale;Sereno;Scarso;Buona;Ore Diurne;0;0;0;3;;;-1;2;Autovettura privata;In marcia / fermata / arresto;Passeggero;F;Illeso;0;;Non accertato;Inesploso
1803025;12;05/06/2009 12:45;Strada Urbana;VIA CRISTOFORO COLOMBO;da specificare;;;;laterale 100 mt dopo p.le 25/3/1957;Scontro laterale fra veicoli in marcia;Rettilineo;Due carreggiate;Asciutto;Asfaltata;Verticale ed orizzontale;Sereno;Normale;Buona;Ore Diurne;0;0;0;3;;;-1;1;Autovettura privata;In marcia / fermata / arresto;Conducente;M;Illeso;0;;Utilizzato;Inesistente
1803025;12;05/06/2009 12:45;Strada Urbana;VIA CRISTOFORO COLOMBO;da specificare;;;;laterale 100 mt dopo p.le 25/3/1957;Scontro laterale fra veicoli in marcia;Rettilineo;Due carreggiate;Asciutto;Asfaltata;Verticale ed orizzontale;Sereno;Normale;Buona;Ore Diurne;0;0;0;3;;;-1;1;Autovettura privata;In marcia / fermata / arresto;Passeggero;F;Illeso;0;;Utilizzato;Inesistente
1803025;12;05/06/2009 12:45;Strada Urbana;VIA CRISTOFORO COLOMBO;da specificare;;;;laterale 100 mt dopo p.le 25/3/1957;Scontro laterale fra veicoli in marcia;Rettilineo;Due carreggiate;Asciutto;Asfaltata;Verticale ed orizzontale;Sereno;Normale;Buona;Ore Diurne;0;0;0;3;;;-1;2;Autovettura privata;In marcia / fermata / arresto;Conducente;M;Illeso;0;;Utilizzato;Inesistente
1803026;12;05/06/2009 13:00;Provinciale;VIA DI PRATICA;all'intersezione con;VIA DI CASTEL ROMANO;VIA DI CASTEL ROMANO;;;Scontro laterale fra veicoli in marcia;Incrocio;Una carreggiata a doppio senso;Asciutto;Asfaltata;Verticale ed orizzontale;Sereno;Normale;Buona;Ore Diurne;0;0;0;2;;;-1;1;Autovettura privata;In marcia / fermata / arresto;Conducente;M;Illeso;0;;Utilizzato;Inesistente
1803026;12;05/06/2009 13:00;Provinciale;VIA DI PRATICA;all'intersezione con;VIA DI CASTEL ROMANO;VIA DI CASTEL ROMANO;;;Scontro laterale fra veicoli in marcia;Incrocio;Una carreggiata a doppio senso;Asciutto;Asfaltata;Verticale ed orizzontale;Sereno;Normale;Buona;Ore Diurne;0;0;0;2;;;-1;2;Autovettura privata;In marcia / fermata / arresto;Conducente;M;Illeso;0;;Utilizzato;Inesistente
1803027;12;05/06/2009 19:00;Strada Urbana;VIA CRISTOFORO COLOMBO;da specificare;;;;direzione OSTIA  prossimità VIALE UMANESIMO;Tamponamento Multiplo;Rettilineo;Una carreggiata a senso unico di marcia;Asciutto;Asfaltata;Verticale ed orizzontale;Sereno;Intenso;Buona;Ore Diurne;0;0;0;3;;;-1;1;Autocarro inferiore 35 q.;In marcia / fermata / arresto;Conducente;M;Illeso;0;;Utilizzato;Inesistente
1803027;12;05/06/2009 19:00;Strada Urbana;VIA CRISTOFORO COLOMBO;da specificare;;;;direzione OSTIA  prossimità VIALE UMANESIMO;Tamponamento Multiplo;Rettilineo;Una carreggiata a senso unico di marcia;Asciutto;Asfaltata;Verticale ed orizzontale;Sereno;Intenso;Buona;Ore Diurne;0;0;0;3;;;-1;1;Autocarro inferiore 35 q.;In marcia / fermata / arresto;Passeggero;M;Illeso;0;;Utilizzato;Inesistente
1803027;12;05/06/2009 19:00;Strada Urbana;VIA CRISTOFORO COLOMBO;da specificare;;;;direzione OSTIA  prossimità VIALE UMANESIMO;Tamponamento Multiplo;Rettilineo;Una carreggiata a senso unico di marcia;Asciutto;Asfaltata;Verticale ed orizzontale;Sereno;Intenso;Buona;Ore Diurne;0;0;0;3;;;-1;2;Autocarro inferiore 35 q.;In marcia / fermata / arresto;Conducente;M;Illeso;0;;Utilizzato;Inesistente
1803028;12;06/06/2009 08:30;Strada Urbana;VIA STIO;da specificare;;;;fr. civ. 71 (borgo S. Fumia);Scontro frontale fra veicoli in marcia;Rettilineo;Una carreggiata a doppio senso;Asciutto;Asfaltata;Assente;Sereno;Scarso;Buona;Ore Diurne;0;0;0;2;;;-1;1;Autovettura privata;In marcia / fermata / arresto;Conducente;M;Illeso;0;;Utilizzato;Inesistente
1803028;12;06/06/2009 08:30;Strada Urbana;VIA STIO;da specificare;;;;fr. civ. 71 (borgo S. Fumia);Scontro frontale fra veicoli in marcia;Rettilineo;Una carreggiata a doppio senso;Asciutto;Asfaltata;Assente;Sereno;Scarso;Buona;Ore Diurne;0;0;0;2;;;-1;2;Autocarro superiore 35 q.;In marcia / fermata / arresto;Conducente;M;Illeso;0;;Utilizzato;Inesistente
1803029;12;06/06/2009 08:35;Strada Urbana;PIAZZALE EZIO TARANTELLI;da specificare;;;;ingresso Metro Tor di Valle;Veicolo in marcia contro ostacolo fisso;Rettilineo;Una carreggiata a senso unico di marcia;Asciutto;Asfaltata;Assente;Nuvoloso;Scarso;Buona;Ore Diurne;0;0;0;1;;;-1;1;Autovettura privata;In marcia / fermata / arresto;Conducente;M;Illeso;0;;Utilizzato;Inesistente
1803030;12;06/06/2009 12:10;Strada Urbana;VIALE DELL'OCEANO PACIFICO;all'intersezione con;VIALE DEI PRIMATI SPORTIVI;VIALE DEI PRIMATI SPORTIVI;;;Scontro laterale fra veicoli in marcia;Incrocio;Una carreggiata a doppio senso;Asciutto;Asfaltata;Verticale ed orizzontale;Nuvoloso;Normale;Buona;Ore Diurne;0;0;0;3;;;-1;1;Autovettura privata;In marcia / fermata / arresto;Conducente;M;Illeso;0;;Utilizzato;Inesistente
1803030;12;06/06/2009 12:10;Strada Urbana;VIALE DELL'OCEANO PACIFICO;all'intersezione con;VIALE DEI PRIMATI SPORTIVI;VIALE DEI PRIMATI SPORTIVI;;;Scontro laterale fra veicoli in marcia;Incrocio;Una carreggiata a doppio senso;Asciutto;Asfaltata;Verticale ed orizzontale;Nuvoloso;Normale;Buona;Ore Diurne;0;0;0;3;;;-1;1;Autovettura privata;In marcia / fermata / arresto;Passeggero;F;Illeso;0;;Utilizzato;Inesistente
1803030;12;06/06/2009 12:10;Strada Urbana;VIALE DELL'OCEANO PACIFICO;all'intersezione con;VIALE DEI PRIMATI SPORTIVI;VIALE DEI PRIMATI SPORTIVI;;;Scontro laterale fra veicoli in marcia;Incrocio;Una carreggiata a doppio senso;Asciutto;Asfaltata;Verticale ed orizzontale;Nuvoloso;Normale;Buona;Ore Diurne;0;0;0;3;;;-1;2;Autovettura privata;In marcia / fermata / arresto;Conducente;M;Illeso;0;;Utilizzato;Inesistente
1803031;12;06/06/2009 15:05;Strada Urbana;VIALE DELL'UMANESIMO;da specificare;;;;prox Via Laurentina;Scontro laterale fra veicoli in marcia;Rettilineo;Una carreggiata a doppio senso;Asciutto;Asfaltata;Verticale ed orizzontale;Nuvoloso;Normale;Buona;Ore Diurne;0;0;0;3;;;-1;1;Autovettura privata;In marcia / fermata / arresto;Conducente;M;Illeso;0;;Utilizzato;Inesistente
1803031;12;06/06/2009 15:05;Strada Urbana;VIALE DELL'UMANESIMO;da specificare;;;;prox Via Laurentina;Scontro laterale fra veicoli in marcia;Rettilineo;Una carreggiata a doppio senso;Asciutto;Asfaltata;Verticale ed orizzontale;Nuvoloso;Normale;Buona;Ore Diurne;0;0;0;3;;;-1;2;Autovettura privata;In marcia / fermata / arresto;Conducente;M;Illeso;0;;Utilizzato;Inesistente
1803031;12;06/06/2009 15:05;Strada Urbana;VIALE DELL'UMANESIMO;da specificare;;;;prox Via Laurentina;Scontro laterale fra veicoli in marcia;Rettilineo;Una carreggiata a doppio senso;Asciutto;Asfaltata;Verticale ed orizzontale;Nuvoloso;Normale;Buona;Ore Diurne;0;0;0;3;;;-1;2;Autovettura privata;In marcia / fermata / arresto;Passeggero;M;Illeso;0;;Utilizzato;Inesistente
1803032;12;07/06/2009 01:40;Strada Urbana;VIALE GUGLIELMO MARCONI;all'intersezione semaforizzata con;VIA SALVATORE PINCHERLE;VIA SALVATORE PINCHERLE;;;Tamponamento Multiplo;Intersezione semaforizzata;Due carreggiate;Asciutto;Asfaltata;Verticale ed orizzontale;Nuvoloso;Normale;Sufficiente;Sufficiente;0;0;0;8;;;-1;1;Quadriciclo leggero;In marcia / fermata / arresto;Conducente;M;Illeso;0;;Utilizzato;Inesistente
1803032;12;07/06/2009 01:40;Strada Urbana;VIALE GUGLIELMO MARCONI;all'intersezione semaforizzata con;VIA SALVATORE PINCHERLE;VIA SALVATORE PINCHERLE;;;Tamponamento Multiplo;Intersezione semaforizzata;Due carreggiate;Asciutto;Asfaltata;Verticale ed orizzontale;Nuvoloso;Normale;Sufficiente;Sufficiente;0;0;0;8;;;-1;1;Quadriciclo leggero;In marcia / fermata / arresto;Passeggero;M;Illeso;0;;Utilizzato;Inesistente
1803032;12;07/06/2009 01:40;Strada Urbana;VIALE GUGLIELMO MARCONI;all'intersezione semaforizzata con;VIA SALVATORE PINCHERLE;VIA SALVATORE PINCHERLE;;;Tamponamento Multiplo;Intersezione semaforizzata;Due carreggiate;Asciutto;Asfaltata;Verticale ed orizzontale;Nuvoloso;Normale;Sufficiente;Sufficiente;0;0;0;8;;;-1;2;Autovettura privata;In marcia / fermata / arresto;Conducente;M;Illeso;0;;Utilizzato;Inesistente
1803032;12;07/06/2009 01:40;Strada Urbana;VIALE GUGLIELMO MARCONI;all'intersezione semaforizzata con;VIA SALVATORE PINCHERLE;VIA SALVATORE PINCHERLE;;;Tamponamento Multiplo;Intersezione semaforizzata;Due carreggiate;Asciutto;Asfaltata;Verticale ed orizzontale;Nuvoloso;Normale;Sufficiente;Sufficiente;0;0;0;8;;;-1;2;Autovettura privata;In marcia / fermata / arresto;Passeggero;F;Illeso;0;;Utilizzato;Inesploso
1803032;12;07/06/2009 01:40;Strada Urbana;VIALE GUGLIELMO MARCONI;all'intersezione semaforizzata con;VIA SALVATORE PINCHERLE;VIA SALVATORE PINCHERLE;;;Tamponamento Multiplo;Intersezione semaforizzata;Due carreggiate;Asciutto;Asfaltata;Verticale ed orizzontale;Nuvoloso;Normale;Sufficiente;Sufficiente;0;0;0;8;;;-1;3;Autovettura privata;In marcia / fermata / arresto;Conducente;M;Illeso;0;;Utilizzato;Inesploso
1803032;12;07/06/2009 01:40;Strada Urbana;VIALE GUGLIELMO MARCONI;all'intersezione semaforizzata con;VIA SALVATORE PINCHERLE;VIA SALVATORE PINCHERLE;;;Tamponamento Multiplo;Intersezione semaforizzata;Due carreggiate;Asciutto;Asfaltata;Verticale ed orizzontale;Nuvoloso;Normale;Sufficiente;Sufficiente;0;0;0;8;;;-1;3;Autovettura privata;In marcia / fermata / arresto;Passeggero;M;Illeso;0;;Utilizzato;Inesploso
1803032;12;07/06/2009 01:40;Strada Urbana;VIALE GUGLIELMO MARCONI;all'intersezione semaforizzata con;VIA SALVATORE PINCHERLE;VIA SALVATORE PINCHERLE;;;Tamponamento Multiplo;Intersezione semaforizzata;Due carreggiate;Asciutto;Asfaltata;Verticale ed orizzontale;Nuvoloso;Normale;Sufficiente;Sufficiente;0;0;0;8;;;-1;3;Autovettura privata;In marcia / fermata / arresto;Passeggero;F;Illeso;0;;Utilizzato;Inesploso
1803033;12;07/06/2009 08:10;Provinciale entro l'abitato;VIA DEL MARE;all'intersezione con;VIA DELL'IPPICA;VIA DELL'IPPICA;;;Scontro laterale fra veicoli in marcia;Intersezione semaforizzata;Due carreggiate;Asciutto;Asfaltata;Verticale ed orizzontale;Sereno;Scarso;Buona;Ore Diurne;1;0;0;1;;;-1;1;Autovettura privata;In marcia / fermata / arresto;Conducente;M;Illeso;0;;Utilizzato;Inesploso
1803033;12;07/06/2009 08:10;Provinciale entro l'abitato;VIA DEL MARE;all'intersezione con;VIA DELL'IPPICA;VIA DELL'IPPICA;;;Scontro laterale fra veicoli in marcia;Intersezione semaforizzata;Due carreggiate;Asciutto;Asfaltata;Verticale ed orizzontale;Sereno;Scarso;Buona;Ore Diurne;1;0;0;1;;;-1;2;Velocipede;In marcia / fermata / arresto;Conducente;M;Rimandato;0;NON DECEDUTO;Utilizzato;Inesistente
1803034;12;07/06/2009 23:15;Strada Urbana;VIA DI VALLERANO;in corrispondenza;;del civico n. ;20;;Veicolo in marcia contro ostacolo accidentale;Curva a visuale libera;Una carreggiata a doppio senso;Asciutto;Con buche;Assente;Sereno;Scarso;Insufficiente;Inesistente;0;0;0;2;;;-1;1;Autovettura privata;In marcia / fermata / arresto;Conducente;M;Illeso;0;;Utilizzato;Inesploso
1803034;12;07/06/2009 23:15;Strada Urbana;VIA DI VALLERANO;in corrispondenza;;del civico n. ;20;;Veicolo in marcia contro ostacolo accidentale;Curva a visuale libera;Una carreggiata a doppio senso;Asciutto;Con buche;Assente;Sereno;Scarso;Insufficiente;Inesistente;0;0;0;2;;;-1;1;Autovettura privata;In marcia / fermata / arresto;Passeggero;F;Illeso;0;;Utilizzato;Inesploso
1803035;12;08/06/2009 13:40;Provinciale;VIA DI PRATICA;in prossimità;;del civico n. ;331-339;;Ribaltamento senza urto contro ostacolo fisso;Rettilineo;Una carreggiata a doppio senso;Viscido da liquidi oleosi;Asfaltata;Verticale ed orizzontale;Sereno;Normale;Buona;Ore Diurne;1;0;0;0;;;-1;1;Motociclo a solo;In marcia / fermata / arresto;Conducente;M;Rimandato;0;NON DECEDUTO;Utilizzato;Inesistente
1803036;12;08/06/2009 14:00;Provinciale;VIA DI PRATICA;in prossimità;;del civico n. ;331;;Ribaltamento senza urto contro ostacolo fisso;Curva a visuale libera;Una carreggiata a doppio senso;Viscido da liquidi oleosi;Asfaltata;Verticale ed orizzontale;Sereno;Normale;Buona;Ore Diurne;0;0;0;1;;;-1;1;Motociclo a solo;In marcia / fermata / arresto;Conducente;M;Illeso;0;;Utilizzato;Inesistente
1803037;12;08/06/2009 16:00;Strada Urbana;VIADOTTO DELLA MAGLIANA;da specificare;;;;direz. Roma Eur prossimità svincolo Via C. Colombo;Infortunio per sola frenata improvvisa;Rettilineo;Due carreggiate;Asciutto;Asfaltata;Verticale ed orizzontale;Sereno;Normale;Buona;Ore Diurne;1;0;0;0;;;-1;1;Motociclo a solo;In marcia / fermata / arresto;Conducente;M;Rimandato;0;NON DECEDUTO;Utilizzato;Inesistente
1803038;12;08/06/2009 17:00;Statale;VIA OSTIENSE;all'intersezione con;VIA DI DECIMA;VIA DI DECIMA;;;Scontro frontale/laterale SX fra veicoli in marcia;Incrocio;Una carreggiata a doppio senso;Asciutto;Asfaltata;Verticale ed orizzontale;Sereno;Normale;Buona;Ore Diurne;0;0;0;2;;;-1;1;Autovettura privata;In marcia / fermata / arresto;Conducente;M;Illeso;0;;Utilizzato;Inesploso