Protocollo;Gruppo;DataOraIncidente;Localizzazione1;STRADA1;Localizzazione2;STRADA2;Strada02;Chilometrica;DaSpecificare;NaturaIncidente;particolaritastrade;TipoStrada;FondoStradale;Pavimentazione;Segnaletica;CondizioneAtmosferica;Traffico;Visibilita;Illuminazione;NUM_FERITI;NUM_RISERVATA;NUM_MORTI;NUM_ILLESI;Longitudine;Latitudine;Confermato;Progressivo;TipoVeicolo;StatoVeicolo;TipoPersona;Sesso;Tipolesione;Deceduto;DecedutoDopo;CinturaCascoUtilizzato;Airbag
1803496;2;10/06/2009 14:15;Strada Urbana;VIA DEL FORO ITALICO;all'intersezione con;VIALE DELLA MOSCHEA;VIALE DELLA MOSCHEA;;;Tamponamento;Incrocio;Due carreggiate;Asciutto;Asfaltata;Verticale ed orizzontale;Nuvoloso;Intenso;Buona;Ore Diurne;4;0;0;2;;;-1;1;Autovettura privata;In marcia / fermata / arresto;Conducente;M;Rifiuta cure immediate;0;NON DECEDUTO;Non accertato;Inesistente
1803496;2;10/06/2009 14:15;Strada Urbana;VIA DEL FORO ITALICO;all'intersezione con;VIALE DELLA MOSCHEA;VIALE DELLA MOSCHEA;;;Tamponamento;Incrocio;Due carreggiate;Asciutto;Asfaltata;Verticale ed orizzontale;Nuvoloso;Intenso;Buona;Ore Diurne;4;0;0;2;;;-1;2;Autovettura privata;In marcia / fermata / arresto;Conducente;M;Illeso;0;;Non accertato;Inesistente
1803496;2;10/06/2009 14:15;Strada Urbana;VIA DEL FORO ITALICO;all'intersezione con;VIALE DELLA MOSCHEA;VIALE DELLA MOSCHEA;;;Tamponamento;Incrocio;Due carreggiate;Asciutto;Asfaltata;Verticale ed orizzontale;Nuvoloso;Intenso;Buona;Ore Diurne;4;0;0;2;;;-1;3;Autovettura privata;In marcia / fermata / arresto;Conducente;F;Rifiuta cure immediate;0;NON DECEDUTO;Non accertato;Inesistente
1803496;2;10/06/2009 14:15;Strada Urbana;VIA DEL FORO ITALICO;all'intersezione con;VIALE DELLA MOSCHEA;VIALE DELLA MOSCHEA;;;Tamponamento;Incrocio;Due carreggiate;Asciutto;Asfaltata;Verticale ed orizzontale;Nuvoloso;Intenso;Buona;Ore Diurne;4;0;0;2;;;-1;3;Autovettura privata;In marcia / fermata / arresto;Passeggero;F;Rimandato;0;NON DECEDUTO;Non accertato;Inesistente
1803496;2;10/06/2009 14:15;Strada Urbana;VIA DEL FORO ITALICO;all'intersezione con;VIALE DELLA MOSCHEA;VIALE DELLA MOSCHEA;;;Tamponamento;Incrocio;Due carreggiate;Asciutto;Asfaltata;Verticale ed orizzontale;Nuvoloso;Intenso;Buona;Ore Diurne;4;0;0;2;;;-1;3;Autovettura privata;In marcia / fermata / arresto;Passeggero;M;Rimandato;0;NON DECEDUTO;Non accertato;Inesistente
1803496;2;10/06/2009 14:15;Strada Urbana;VIA DEL FORO ITALICO;all'intersezione con;VIALE DELLA MOSCHEA;VIALE DELLA MOSCHEA;;;Tamponamento;Incrocio;Due carreggiate;Asciutto;Asfaltata;Verticale ed orizzontale;Nuvoloso;Intenso;Buona;Ore Diurne;4;0;0;2;;;-1;4;Autovettura privata;In marcia / fermata / arresto;Conducente;M;Illeso;0;;Non accertato;Inesistente
1803497;2;10/06/2009 15:30;Strada Urbana;VIA CHIANA;all'intersezione con;VIA RENO;VIA RENO;;;Investimento di pedone;Incrocio;Una carreggiata a doppio senso;Asciutto;Asfaltata;Verticale ed orizzontale;Sereno;Normale;Buona;Ore Diurne;1;0;0;1;;;-1;;;;Pedone;M;Ricoverato;0;NON DECEDUTO;;
1803497;2;10/06/2009 15:30;Strada Urbana;VIA CHIANA;all'intersezione con;VIA RENO;VIA RENO;;;Investimento di pedone;Incrocio;Una carreggiata a doppio senso;Asciutto;Asfaltata;Verticale ed orizzontale;Sereno;Normale;Buona;Ore Diurne;1;0;0;1;;;-1;1;Autovettura privata;In marcia / fermata / arresto;Conducente;F;Illeso;0;;Non accertato;Inesistente
1803498;2;10/06/2009 16:30;Strada Urbana;VIALE GIOACCHINO ROSSINI;in prossimità;;FR. CIV. ;7D;;Veicolo in marcia contro ostacolo accidentale;Curva a visuale libera;Una carreggiata a senso unico di marcia;Asciutto;Asfaltata;Verticale ed orizzontale;Sereno;Normale;Buona;Ore Diurne;0;0;0;1;;;-1;1;Autovettura pubblica;In marcia / fermata / arresto;Conducente;M;Illeso;0;;Esente;Inesistente
1803500;2;10/06/2009 18:55;Strada Urbana;PIAZZA PITAGORA;all'intersezione con;VIA FRANCESCO SIACCI;VIA FRANCESCO SIACCI;;;Scontro laterale fra veicoli in marcia;Intersezione semaforizzata;Una carreggiata a senso unico di marcia;Asciutto;Asfaltata;Verticale ed orizzontale;Sereno;Normale;Buona;Ore Diurne;1;0;0;1;;;-1;1;Autovettura privata;In marcia / fermata / arresto;Conducente;M;Illeso;0;;Non accertato;Inesistente
1803500;2;10/06/2009 18:55;Strada Urbana;PIAZZA PITAGORA;all'intersezione con;VIA FRANCESCO SIACCI;VIA FRANCESCO SIACCI;;;Scontro laterale fra veicoli in marcia;Intersezione semaforizzata;Una carreggiata a senso unico di marcia;Asciutto;Asfaltata;Verticale ed orizzontale;Sereno;Normale;Buona;Ore Diurne;1;0;0;1;;;-1;2;Motociclo a solo;In marcia / fermata / arresto;Conducente;M;Rimandato;0;NON DECEDUTO;Non accertato;Inesistente
1803501;2;10/06/2009 19:45;Strada Urbana;VIALE DEL MURO TORTO;da specificare;;;;DIREZIONE PORTA PIA;Tamponamento;Rettilineo;Una carreggiata a doppio senso;Asciutto;Asfaltata;Verticale ed orizzontale;Sereno;Intenso;Buona;Ore Diurne;0;0;0;4;;;-1;1;Autovettura privata;In marcia / fermata / arresto;Conducente;M;Illeso;0;;Non accertato;Inesistente
1803501;2;10/06/2009 19:45;Strada Urbana;VIALE DEL MURO TORTO;da specificare;;;;DIREZIONE PORTA PIA;Tamponamento;Rettilineo;Una carreggiata a doppio senso;Asciutto;Asfaltata;Verticale ed orizzontale;Sereno;Intenso;Buona;Ore Diurne;0;0;0;4;;;-1;1;Autovettura privata;In marcia / fermata / arresto;Passeggero;M;Illeso;0;;Non accertato;Inesistente
1803501;2;10/06/2009 19:45;Strada Urbana;VIALE DEL MURO TORTO;da specificare;;;;DIREZIONE PORTA PIA;Tamponamento;Rettilineo;Una carreggiata a doppio senso;Asciutto;Asfaltata;Verticale ed orizzontale;Sereno;Intenso;Buona;Ore Diurne;0;0;0;4;;;-1;2;Autovettura privata;In marcia / fermata / arresto;Conducente;F;Illeso;0;;Non accertato;Inesistente
1803501;2;10/06/2009 19:45;Strada Urbana;VIALE DEL MURO TORTO;da specificare;;;;DIREZIONE PORTA PIA;Tamponamento;Rettilineo;Una carreggiata a doppio senso;Asciutto;Asfaltata;Verticale ed orizzontale;Sereno;Intenso;Buona;Ore Diurne;0;0;0;4;;;-1;2;Autovettura privata;In marcia / fermata / arresto;Passeggero;F;Illeso;0;;Non accertato;Inesistente
1803502;2;10/06/2009 22:50;Strada Urbana;LUNGOTEVERE FLAMINIO;in prossimità;;del civico n. ;78;;Scontro laterale fra veicoli in marcia;Rettilineo;Una carreggiata a doppio senso;Asciutto;Asfaltata;Orizzontale;Sereno;Scarso;Buona;Sufficiente;0;0;0;4;;;-1;1;Autovettura privata;In marcia / fermata / arresto;Passeggero;M;Illeso;0;;Utilizzato;Inesistente
1803502;2;10/06/2009 22:50;Strada Urbana;LUNGOTEVERE FLAMINIO;in prossimità;;del civico n. ;78;;Scontro laterale fra veicoli in marcia;Rettilineo;Una carreggiata a doppio senso;Asciutto;Asfaltata;Orizzontale;Sereno;Scarso;Buona;Sufficiente;0;0;0;4;;;-1;1;Autovettura privata;In marcia / fermata / arresto;Conducente;F;Illeso;0;;Non accertato;Inesistente
1803502;2;10/06/2009 22:50;Strada Urbana;LUNGOTEVERE FLAMINIO;in prossimità;;del civico n. ;78;;Scontro laterale fra veicoli in marcia;Rettilineo;Una carreggiata a doppio senso;Asciutto;Asfaltata;Orizzontale;Sereno;Scarso;Buona;Sufficiente;0;0;0;4;;;-1;1;Autovettura privata;In marcia / fermata / arresto;Passeggero;M;Illeso;0;;Non accertato;Inesistente
1803502;2;10/06/2009 22:50;Strada Urbana;LUNGOTEVERE FLAMINIO;in prossimità;;del civico n. ;78;;Scontro laterale fra veicoli in marcia;Rettilineo;Una carreggiata a doppio senso;Asciutto;Asfaltata;Orizzontale;Sereno;Scarso;Buona;Sufficiente;0;0;0;4;;;-1;2;Autocarro inferiore 35 q.;In marcia / fermata / arresto;Conducente;M;Illeso;0;;Non accertato;Inesistente
1803503;2;11/06/2009 14:45;Strada Urbana;LUNGOTEVERE ARNALDO DA BRESCIA;all'intersezione semaforizzata con;PONTE GIACOMO MATTEOTTI;PONTE GIACOMO MATTEOTTI;;;Scontro laterale fra veicoli in marcia;Intersezione semaforizzata;Più di due carreggiate;Asciutto;Asfaltata;Verticale ed orizzontale;Sereno;Normale;Buona;Ore Diurne;0;0;0;3;;;-1;1;Autobus di linea;In marcia / fermata / arresto;Conducente;M;Illeso;0;;Non accertato;Inesistente
1803503;2;11/06/2009 14:45;Strada Urbana;LUNGOTEVERE ARNALDO DA BRESCIA;all'intersezione semaforizzata con;PONTE GIACOMO MATTEOTTI;PONTE GIACOMO MATTEOTTI;;;Scontro laterale fra veicoli in marcia;Intersezione semaforizzata;Più di due carreggiate;Asciutto;Asfaltata;Verticale ed orizzontale;Sereno;Normale;Buona;Ore Diurne;0;0;0;3;;;-1;2;Autovettura privata;In marcia / fermata / arresto;Conducente;F;Illeso;0;;Non accertato;Inesploso
1803503;2;11/06/2009 14:45;Strada Urbana;LUNGOTEVERE ARNALDO DA BRESCIA;all'intersezione semaforizzata con;PONTE GIACOMO MATTEOTTI;PONTE GIACOMO MATTEOTTI;;;Scontro laterale fra veicoli in marcia;Intersezione semaforizzata;Più di due carreggiate;Asciutto;Asfaltata;Verticale ed orizzontale;Sereno;Normale;Buona;Ore Diurne;0;0;0;3;;;-1;2;Autovettura privata;In marcia / fermata / arresto;Passeggero;M;Illeso;0;;Non accertato;Inesploso
1803504;2;11/06/2009 23:45;Strada Urbana;VIA NOMENTANA;in corrispondenza;;del civico n. ;144;;Tamponamento;Rettilineo;Più di due carreggiate;Asciutto;Asfaltata;Verticale ed orizzontale;Sereno;Scarso;Buona;Sufficiente;2;0;0;2;;;-1;1;Autovettura privata;In marcia / fermata / arresto;Conducente;F;Illeso;0;;Non accertato;Inesistente
1803504;2;11/06/2009 23:45;Strada Urbana;VIA NOMENTANA;in corrispondenza;;del civico n. ;144;;Tamponamento;Rettilineo;Più di due carreggiate;Asciutto;Asfaltata;Verticale ed orizzontale;Sereno;Scarso;Buona;Sufficiente;2;0;0;2;;;-1;2;Autovettura privata;In marcia / fermata / arresto;Conducente;M;Rimandato;0;NON DECEDUTO;Non accertato;Inesistente
1803504;2;11/06/2009 23:45;Strada Urbana;VIA NOMENTANA;in corrispondenza;;del civico n. ;144;;Tamponamento;Rettilineo;Più di due carreggiate;Asciutto;Asfaltata;Verticale ed orizzontale;Sereno;Scarso;Buona;Sufficiente;2;0;0;2;;;-1;2;Autovettura privata;In marcia / fermata / arresto;Passeggero;M;Illeso;0;;Non accertato;Inesistente
1803504;2;11/06/2009 23:45;Strada Urbana;VIA NOMENTANA;in corrispondenza;;del civico n. ;144;;Tamponamento;Rettilineo;Più di due carreggiate;Asciutto;Asfaltata;Verticale ed orizzontale;Sereno;Scarso;Buona;Sufficiente;2;0;0;2;;;-1;2;Autovettura privata;In marcia / fermata / arresto;Passeggero;M;Rimandato;0;NON DECEDUTO;Non accertato;Inesistente
1803505;20;05/06/2009 12:10;Strada Urbana;VIA GIACOMO ANDREASSI;all'intersezione con;VIA PRIMO DORELLO;VIA PRIMO DORELLO;;;Scontro laterale fra veicoli in marcia;Incrocio;Una carreggiata a doppio senso;Asciutto;Asfaltata;Assente;Sereno;Normale;Buona;Ore Diurne;0;0;0;3;;;-1;1;Autovettura privata;In marcia / fermata / arresto;Conducente;M;Illeso;0;;Non accertato;Inesploso
1803505;20;05/06/2009 12:10;Strada Urbana;VIA GIACOMO ANDREASSI;all'intersezione con;VIA PRIMO DORELLO;VIA PRIMO DORELLO;;;Scontro laterale fra veicoli in marcia;Incrocio;Una carreggiata a doppio senso;Asciutto;Asfaltata;Assente;Sereno;Normale;Buona;Ore Diurne;0;0;0;3;;;-1;1;Autovettura privata;In marcia / fermata / arresto;Passeggero;M;Illeso;0;;Non accertato;Inesploso
1803505;20;05/06/2009 12:10;Strada Urbana;VIA GIACOMO ANDREASSI;all'intersezione con;VIA PRIMO DORELLO;VIA PRIMO DORELLO;;;Scontro laterale fra veicoli in marcia;Incrocio;Una carreggiata a doppio senso;Asciutto;Asfaltata;Assente;Sereno;Normale;Buona;Ore Diurne;0;0;0;3;;;-1;2;Autovettura privata;In marcia / fermata / arresto;Conducente;M;Illeso;0;;Non accertato;Inesploso
1803506;20;10/06/2009 09:20;Statale;VIA FLAMINIA;da specificare;;;;pross. svincolo via Flaminia vecchia dir Roma;Tamponamento Multiplo;Rettilineo;Due carreggiate;Asciutto;Asfaltata;Orizzontale;Sereno;Normale;Buona;Ore Diurne;1;0;0;2;;;-1;1;Autovettura privata;In marcia / fermata / arresto;Conducente;F;Rifiuta cure immediate;0;NON DECEDUTO;Non accertato;Inesistente
1803506;20;10/06/2009 09:20;Statale;VIA FLAMINIA;da specificare;;;;pross. svincolo via Flaminia vecchia dir Roma;Tamponamento Multiplo;Rettilineo;Due carreggiate;Asciutto;Asfaltata;Orizzontale;Sereno;Normale;Buona;Ore Diurne;1;0;0;2;;;-1;2;Autovettura privata;In marcia / fermata / arresto;Conducente;M;Illeso;0;;Non accertato;Inesistente
1803506;20;10/06/2009 09:20;Statale;VIA FLAMINIA;da specificare;;;;pross. svincolo via Flaminia vecchia dir Roma;Tamponamento Multiplo;Rettilineo;Due carreggiate;Asciutto;Asfaltata;Orizzontale;Sereno;Normale;Buona;Ore Diurne;1;0;0;2;;;-1;3;Autovettura privata;In marcia / fermata / arresto;Conducente;M;Illeso;0;;Non accertato;Inesistente
1803507;20;10/06/2009 15:45;Strada Urbana;PIAZZA LAURO DE BOSIS;da specificare;;;;ALTEZZA IMPIANTO SEMAFORICO OBELISCO;Tamponamento;Rettilineo;Due carreggiate;Asciutto;Asfaltata;Orizzontale;Sereno;Normale;Buona;Ore Diurne;1;0;0;2;;;-1;1;Motociclo a solo;In marcia / fermata / arresto;Conducente;F;Rimandato;0;NON DECEDUTO;Utilizzato;Inesistente
1803507;20;10/06/2009 15:45;Strada Urbana;PIAZZA LAURO DE BOSIS;da specificare;;;;ALTEZZA IMPIANTO SEMAFORICO OBELISCO;Tamponamento;Rettilineo;Due carreggiate;Asciutto;Asfaltata;Orizzontale;Sereno;Normale;Buona;Ore Diurne;1;0;0;2;;;-1;2;Autovettura privata;In marcia / fermata / arresto;Conducente;F;Illeso;0;;Utilizzato;Inesploso
1803507;20;10/06/2009 15:45;Strada Urbana;PIAZZA LAURO DE BOSIS;da specificare;;;;ALTEZZA IMPIANTO SEMAFORICO OBELISCO;Tamponamento;Rettilineo;Due carreggiate;Asciutto;Asfaltata;Orizzontale;Sereno;Normale;Buona;Ore Diurne;1;0;0;2;;;-1;2;Autovettura privata;In marcia / fermata / arresto;Passeggero;F;Illeso;0;;Utilizzato;Inesploso
1803508;20;10/06/2009 21:50;Strada Urbana;VIALE DELLE MILIZIE;all'intersezione semaforizzata con;VIA DAMIATA;VIA DAMIATA;;;Scontro laterale fra veicoli in marcia;Intersezione semaforizzata;Più di due carreggiate;Asciutto;Asfaltata;Verticale ed orizzontale;Sereno;Scarso;Buona;Sufficiente;0;0;0;3;;;-1;1;Autovettura privata;In marcia / fermata / arresto;Conducente;F;Illeso;0;;Non accertato;Inesploso
1803508;20;10/06/2009 21:50;Strada Urbana;VIALE DELLE MILIZIE;all'intersezione semaforizzata con;VIA DAMIATA;VIA DAMIATA;;;Scontro laterale fra veicoli in marcia;Intersezione semaforizzata;Più di due carreggiate;Asciutto;Asfaltata;Verticale ed orizzontale;Sereno;Scarso;Buona;Sufficiente;0;0;0;3;;;-1;1;Autovettura privata;In marcia / fermata / arresto;Passeggero;M;Illeso;0;;Non accertato;Inesploso
1803508;20;10/06/2009 21:50;Strada Urbana;VIALE DELLE MILIZIE;all'intersezione semaforizzata con;VIA DAMIATA;VIA DAMIATA;;;Scontro laterale fra veicoli in marcia;Intersezione semaforizzata;Più di due carreggiate;Asciutto;Asfaltata;Verticale ed orizzontale;Sereno;Scarso;Buona;Sufficiente;0;0;0;3;;;-1;2;Autovettura privata;In marcia / fermata / arresto;Conducente;M;Illeso;0;;Non accertato;Inesploso
1803509;20;11/06/2009 01:10;Strada Urbana;VIA DELLA FARNESINA;in prossimità;;del civico n. ;7;;Veicolo in marcia contro veicoli in sosta;Curva a visuale libera;Una carreggiata a doppio senso;Asciutto;Asfaltata;Verticale ed orizzontale;Sereno;Scarso;Buona;Sufficiente;1;0;0;0;;;-1;1;Autovettura privata;In marcia / fermata / arresto;Conducente;M;Rimandato;0;NON DECEDUTO;Non accertato;Inesistente
1803510;20;11/06/2009 07:20;Strada Urbana;VIA FRASSINETO;all'intersezione con;VIALE DELLE GALLINE BIANCHE;VIALE DELLE GALLINE BIANCHE;;;Tamponamento;Intersezione stradale segnalata;Una carreggiata a senso unico di marcia;Asciutto;Asfaltata;Verticale ed orizzontale;Sereno;Normale;Buona;Ore Diurne;0;0;0;2;;;-1;1;Autovettura privata;In marcia / fermata / arresto;Conducente;M;Illeso;0;;Utilizzato;Inesploso
1803510;20;11/06/2009 07:20;Strada Urbana;VIA FRASSINETO;all'intersezione con;VIALE DELLE GALLINE BIANCHE;VIALE DELLE GALLINE BIANCHE;;;Tamponamento;Intersezione stradale segnalata;Una carreggiata a senso unico di marcia;Asciutto;Asfaltata;Verticale ed orizzontale;Sereno;Normale;Buona;Ore Diurne;0;0;0;2;;;-1;2;Autovettura privata;In marcia / fermata / arresto;Conducente;F;Illeso;0;;Utilizzato;Inesploso
1803511;20;11/06/2009 08:40;Strada Urbana;VIA DEL FORO ITALICO;da specificare;;;;ALTEZZA CORSO DI FRANCIA;Tamponamento Multiplo;Rettilineo;Due carreggiate;Asciutto;Asfaltata;Verticale ed orizzontale;Nebbia;Intenso;Buona;Ore Diurne;1;0;0;2;;;-1;1;Autovettura privata;In marcia / fermata / arresto;Conducente;M;Illeso;0;;Utilizzato;Inesploso
1803511;20;11/06/2009 08:40;Strada Urbana;VIA DEL FORO ITALICO;da specificare;;;;ALTEZZA CORSO DI FRANCIA;Tamponamento Multiplo;Rettilineo;Due carreggiate;Asciutto;Asfaltata;Verticale ed orizzontale;Nebbia;Intenso;Buona;Ore Diurne;1;0;0;2;;;-1;2;Autovettura privata;In marcia / fermata / arresto;Conducente;F;Ricoverato;0;NON DECEDUTO;Utilizzato;Inesploso
1803511;20;11/06/2009 08:40;Strada Urbana;VIA DEL FORO ITALICO;da specificare;;;;ALTEZZA CORSO DI FRANCIA;Tamponamento Multiplo;Rettilineo;Due carreggiate;Asciutto;Asfaltata;Verticale ed orizzontale;Nebbia;Intenso;Buona;Ore Diurne;1;0;0;2;;;-1;3;Autovettura privata;In marcia / fermata / arresto;Conducente;F;Illeso;0;;Utilizzato;Inesploso
1803512;20;11/06/2009 09:40;Strada Urbana;VIALE DI TOR DI QUINTO;da specificare;;;;PROSSIMITA' VIA DELLA STAZIONE DI TOR DI QUINTO;Scontro frontale/laterale DX fra veicoli in marcia;Curva senza visuale libera;Due carreggiate;Asciutto;Asfaltata;Orizzontale;Sereno;Normale;Buona;Ore Diurne;2;0;0;1;;;-1;1;Autovettura privata;In marcia / fermata / arresto;Conducente;M;Illeso;0;;Utilizzato;Inesploso
1803512;20;11/06/2009 09:40;Strada Urbana;VIALE DI TOR DI QUINTO;da specificare;;;;PROSSIMITA' VIA DELLA STAZIONE DI TOR DI QUINTO;Scontro frontale/laterale DX fra veicoli in marcia;Curva senza visuale libera;Due carreggiate;Asciutto;Asfaltata;Orizzontale;Sereno;Normale;Buona;Ore Diurne;2;0;0;1;;;-1;2;Autovettura di polizia;In marcia / fermata / arresto;Conducente;F;Rimandato;0;NON DECEDUTO;Utilizzato;Inesploso
1803512;20;11/06/2009 09:40;Strada Urbana;VIALE DI TOR DI QUINTO;da specificare;;;;PROSSIMITA' VIA DELLA STAZIONE DI TOR DI QUINTO;Scontro frontale/laterale DX fra veicoli in marcia;Curva senza visuale libera;Due carreggiate;Asciutto;Asfaltata;Orizzontale;Sereno;Normale;Buona;Ore Diurne;2;0;0;1;;;-1;2;Autovettura di polizia;In marcia / fermata / arresto;Passeggero;M;Rimandato;0;NON DECEDUTO;Utilizzato;Inesploso
1803513;20;11/06/2009 12:50;Strada Urbana;VIA DI GROTTAROSSA;da specificare;;;;pross.ta via flaminia altezza curve;Scontro laterale fra veicoli in marcia;Pendenza;Una carreggiata a doppio senso;Asciutto;Asfaltata;Orizzontale;Sereno;Normale;Buona;Ore Diurne;0;0;0;3;;;-1;1;Autovettura privata;In marcia / fermata / arresto;Conducente;M;Illeso;0;;Non accertato;Inesploso
1803513;20;11/06/2009 12:50;Strada Urbana;VIA DI GROTTAROSSA;da specificare;;;;pross.ta via flaminia altezza curve;Scontro laterale fra veicoli in marcia;Pendenza;Una carreggiata a doppio senso;Asciutto;Asfaltata;Orizzontale;Sereno;Normale;Buona;Ore Diurne;0;0;0;3;;;-1;2;Autovettura privata;In marcia / fermata / arresto;Conducente;M;Illeso;0;;Non accertato;Inesploso
1803513;20;11/06/2009 12:50;Strada Urbana;VIA DI GROTTAROSSA;da specificare;;;;pross.ta via flaminia altezza curve;Scontro laterale fra veicoli in marcia;Pendenza;Una carreggiata a doppio senso;Asciutto;Asfaltata;Orizzontale;Sereno;Normale;Buona;Ore Diurne;0;0;0;3;;;-1;2;Autovettura privata;In marcia / fermata / arresto;Passeggero;M;Illeso;0;;Non accertato;Inesistente
1803514;20;11/06/2009 16:00;Strada Urbana;VIA CAPENA;in corrispondenza;;del civico n. ;23;;Scontro frontale/laterale SX fra veicoli in marcia;Rettilineo;Una carreggiata a doppio senso;Asciutto;Asfaltata;Assente;Sereno;Normale;Buona;Ore Diurne;0;0;0;2;;;-1;1;Quadriciclo leggero;In marcia / fermata / arresto;Conducente;M;Illeso;0;;Non accertato;Inesistente
1803514;20;11/06/2009 16:00;Strada Urbana;VIA CAPENA;in corrispondenza;;del civico n. ;23;;Scontro frontale/laterale SX fra veicoli in marcia;Rettilineo;Una carreggiata a doppio senso;Asciutto;Asfaltata;Assente;Sereno;Normale;Buona;Ore Diurne;0;0;0;2;;;-1;2;Autovettura privata;In marcia / fermata / arresto;Conducente;F;Illeso;0;;Non accertato;Inesistente
1803515;20;11/06/2009 16:50;Strada Urbana;PIAZZALE DELLA FARNESINA;all'intersezione con;VIA DEI COLLI DELLA FARNESINA;VIA DEI COLLI DELLA FARNESINA;;;Scontro frontale/laterale SX fra veicoli in marcia;Intersezione semaforizzata;Una carreggiata a doppio senso;Asciutto;Asfaltata;Verticale ed orizzontale;Sereno;Normale;Buona;Ore Diurne;0;0;0;2;;;-1;1;Autovettura privata;In marcia / fermata / arresto;Conducente;M;Illeso;0;;Non accertato;Inesistente
1803515;20;11/06/2009 16:50;Strada Urbana;PIAZZALE DELLA FARNESINA;all'intersezione con;VIA DEI COLLI DELLA FARNESINA;VIA DEI COLLI DELLA FARNESINA;;;Scontro frontale/laterale SX fra veicoli in marcia;Intersezione semaforizzata;Una carreggiata a doppio senso;Asciutto;Asfaltata;Verticale ed orizzontale;Sereno;Normale;Buona;Ore Diurne;0;0;0;2;;;-1;2;Quadriciclo leggero;In marcia / fermata / arresto;Conducente;M;Illeso;0;;Non accertato;Inesistente
1803516;20;11/06/2009 18:30;Strada Urbana;VIA TUSCANIA;da specificare;;;;altezza via canino;Veicolo in marcia contro veicolo in sosta;Rettilineo;Una carreggiata a senso unico di marcia;Asciutto;Asfaltata;Assente;Sereno;Normale;Buona;Ore Diurne;0;0;0;1;;;-1;1;Autovettura privata;In marcia / fermata / arresto;Conducente;F;Illeso;0;;Non accertato;Inesistente
1803517;20;11/06/2009 18:35;Strada Urbana;VIALE DI TOR DI QUINTO;in prossimità;;del civico n. ;64;;Scontro laterale fra veicoli in marcia;Rettilineo;Una carreggiata a doppio senso;Asciutto;Asfaltata;Orizzontale;Sereno;Normale;Buona;Ore Diurne;1;0;0;1;;;-1;1;Motociclo a solo;In marcia / fermata / arresto;Conducente;F;Rifiuta cure immediate;0;NON DECEDUTO;Non accertato;Inesistente
1803517;20;11/06/2009 18:35;Strada Urbana;VIALE DI TOR DI QUINTO;in prossimità;;del civico n. ;64;;Scontro laterale fra veicoli in marcia;Rettilineo;Una carreggiata a doppio senso;Asciutto;Asfaltata;Orizzontale;Sereno;Normale;Buona;Ore Diurne;1;0;0;1;;;-1;2;Autovettura privata;In marcia / fermata / arresto;Conducente;M;Illeso;0;;Non accertato;Inesistente
1803518;20;11/06/2009 18:45;Strada Urbana;VIA DELLA GIUSTINIANA;in prossimità;;del civico n. ;271;;Scontro laterale fra veicoli in marcia;Rettilineo;Una carreggiata a doppio senso;Asciutto;Asfaltata;Assente;Sereno;Normale;Buona;Ore Diurne;1;0;0;1;;;-1;1;Motociclo a solo;In marcia / fermata / arresto;Conducente;M;Illeso;0;;Non accertato;Inesistente
1803518;20;11/06/2009 18:45;Strada Urbana;VIA DELLA GIUSTINIANA;in prossimità;;del civico n. ;271;;Scontro laterale fra veicoli in marcia;Rettilineo;Una carreggiata a doppio senso;Asciutto;Asfaltata;Assente;Sereno;Normale;Buona;Ore Diurne;1;0;0;1;;;-1;2;Motociclo a solo;In marcia / fermata / arresto;Conducente;M;Rifiuta cure immediate;0;NON DECEDUTO;Non accertato;Inesistente
1803519;20;12/06/2009 02:00;Strada Urbana;VIA DEL FORO ITALICO;da specificare;;;;In prossimità rampa di accesso via A. S. Giuliano;Veicolo in marcia contro ostacolo fisso;Rettilineo;Due carreggiate;Asciutto;Asfaltata;Verticale ed orizzontale;Sereno;Scarso;Buona;Sufficiente;0;0;0;3;;;-1;1;Autovettura privata;In marcia / fermata / arresto;Conducente;M;Illeso;0;;Non accertato;Inesistente
1803519;20;12/06/2009 02:00;Strada Urbana;VIA DEL FORO ITALICO;da specificare;;;;In prossimità rampa di accesso via A. S. Giuliano;Veicolo in marcia contro ostacolo fisso;Rettilineo;Due carreggiate;Asciutto;Asfaltata;Verticale ed orizzontale;Sereno;Scarso;Buona;Sufficiente;0;0;0;3;;;-1;1;Autovettura privata;In marcia / fermata / arresto;Passeggero;M;Illeso;0;;Non accertato;Inesistente
1803519;20;12/06/2009 02:00;Strada Urbana;VIA DEL FORO ITALICO;da specificare;;;;In prossimità rampa di accesso via A. S. Giuliano;Veicolo in marcia contro ostacolo fisso;Rettilineo;Due carreggiate;Asciutto;Asfaltata;Verticale ed orizzontale;Sereno;Scarso;Buona;Sufficiente;0;0;0;3;;;-1;2;Motociclo a solo;In marcia / fermata / arresto;Conducente;M;Illeso;0;;Non accertato;Inesistente
1803520;3;10/06/2009 07:55;Strada Urbana;PIAZZA DEI VESPRI SICILIANI;in corrispondenza;;del civico n. ;8;;Scontro laterale fra veicoli in marcia;Rettilineo;Una carreggiata a senso unico di marcia;Asciutto;Asfaltata;Verticale ed orizzontale;Sereno;Normale;Buona;Ore Diurne;0;0;0;2;;;-1;1;Autovettura privata;In marcia / fermata / arresto;Conducente;M;Illeso;0;;Utilizzato;Inesistente
1803520;3;10/06/2009 07:55;Strada Urbana;PIAZZA DEI VESPRI SICILIANI;in corrispondenza;;del civico n. ;8;;Scontro laterale fra veicoli in marcia;Rettilineo;Una carreggiata a senso unico di marcia;Asciutto;Asfaltata;Verticale ed orizzontale;Sereno;Normale;Buona;Ore Diurne;0;0;0;2;;;-1;2;Autocarro inferiore 35 q.;In marcia / fermata / arresto;Conducente;M;Illeso;0;;Utilizzato;Inesistente