Protocollo;Gruppo;DataOraIncidente;Localizzazione1;STRADA1;Localizzazione2;STRADA2;Strada02;Chilometrica;DaSpecificare;NaturaIncidente;particolaritastrade;TipoStrada;FondoStradale;Pavimentazione;Segnaletica;CondizioneAtmosferica;Traffico;Visibilita;Illuminazione;NUM_FERITI;NUM_RISERVATA;NUM_MORTI;NUM_ILLESI;Longitudine;Latitudine;Confermato;Progressivo;TipoVeicolo;StatoVeicolo;TipoPersona;Sesso;Tipolesione;Deceduto;DecedutoDopo;CinturaCascoUtilizzato;Airbag
1803892;15;15/06/2009 23:26;Strada Urbana;VIALE DEI QUATTRO VENTI;in corrispondenza;;del civico n. ;152;;Scontro frontale/laterale SX fra veicoli in marcia;Rettilineo;Una carreggiata a doppio senso;Asciutto;Asfaltata;Orizzontale;Sereno;Scarso;Buona;Sufficiente;1;0;0;2;;;-1;2;Autovettura privata;In marcia / fermata / arresto;Passeggero;F;Illeso;0;;Utilizzato;Inesistente
1803909;18;16/06/2009 09:10;Strada Urbana;VIA DI BOCCEA;in corrispondenza;;del civico n. ;105;;Investimento di pedone;Rettilineo;Più di due carreggiate;Asciutto;Asfaltata;Verticale ed orizzontale;Sereno;Intenso;Buona;Ore Diurne;1;0;0;1;;;-1;;;;Pedone;M;Rimandato;0;NON DECEDUTO;;
1803909;18;16/06/2009 09:10;Strada Urbana;VIA DI BOCCEA;in corrispondenza;;del civico n. ;105;;Investimento di pedone;Rettilineo;Più di due carreggiate;Asciutto;Asfaltata;Verticale ed orizzontale;Sereno;Intenso;Buona;Ore Diurne;1;0;0;1;;;-1;1;Motociclo a solo;In marcia / fermata / arresto;Conducente;M;Illeso;0;;Non accertato;Inesistente
1803910;18;11/06/2009 18:10;Statale;VIA AURELIA;in corrispondenza;;della chilometrica ;14;;Tamponamento;Rettilineo;Due carreggiate;Asciutto;Asfaltata;Verticale ed orizzontale;Sereno;Normale;Buona;Ore Diurne;1;0;0;1;;;-1;1;Autocarro inferiore 35 q.;In marcia / fermata / arresto;Conducente;M;Illeso;0;;Non accertato;Inesistente
1803910;18;11/06/2009 18:10;Statale;VIA AURELIA;in corrispondenza;;della chilometrica ;14;;Tamponamento;Rettilineo;Due carreggiate;Asciutto;Asfaltata;Verticale ed orizzontale;Sereno;Normale;Buona;Ore Diurne;1;0;0;1;;;-1;2;Autovettura privata;In marcia / fermata / arresto;Conducente;M;Rimandato;0;NON DECEDUTO;Non accertato;Esploso
1803911;18;11/06/2009 18:40;Strada Urbana;VIA DI BOCCEA;all'intersezione con;VIA URBANO II;VIA URBANO II;;;Scontro frontale/laterale SX fra veicoli in marcia;Intersezione non regolata/non segnalata;Una carreggiata a doppio senso;Asciutto;Asfaltata;Verticale ed orizzontale;Sereno;Intenso;Buona;Ore Diurne;1;0;0;1;;;-1;1;Autobus urbano;In marcia / fermata / arresto;Conducente;M;Illeso;0;;Esente;Inesistente
1803911;18;11/06/2009 18:40;Strada Urbana;VIA DI BOCCEA;all'intersezione con;VIA URBANO II;VIA URBANO II;;;Scontro frontale/laterale SX fra veicoli in marcia;Intersezione non regolata/non segnalata;Una carreggiata a doppio senso;Asciutto;Asfaltata;Verticale ed orizzontale;Sereno;Intenso;Buona;Ore Diurne;1;0;0;1;;;-1;2;Motociclo a solo;In marcia / fermata / arresto;Conducente;M;Rifiuta cure immediate;0;NON DECEDUTO;Non accertato;Inesistente
1803912;18;12/06/2009 07:15;Statale entro l'abitato;VIA AURELIA;all'intersezione semaforizzata con;VIA NICOLA COVIELLO;VIA NICOLA COVIELLO;;;Scontro frontale/laterale DX fra veicoli in marcia;Intersezione semaforizzata;Più di due carreggiate;Asciutto;Asfaltata;Verticale ed orizzontale;Sereno;Intenso;Insufficiente;Ore Diurne;0;0;0;2;;;-1;1;Autovettura privata;In marcia / fermata / arresto;Conducente;M;Illeso;0;;Non accertato;Inesploso
1803912;18;12/06/2009 07:15;Statale entro l'abitato;VIA AURELIA;all'intersezione semaforizzata con;VIA NICOLA COVIELLO;VIA NICOLA COVIELLO;;;Scontro frontale/laterale DX fra veicoli in marcia;Intersezione semaforizzata;Più di due carreggiate;Asciutto;Asfaltata;Verticale ed orizzontale;Sereno;Intenso;Insufficiente;Ore Diurne;0;0;0;2;;;-1;2;Autovettura privata;In marcia / fermata / arresto;Conducente;M;Illeso;0;;Non accertato;Inesploso
1803913;18;15/06/2009 14:00;Strada Urbana;CIRCONVALLAZIONE AURELIA;in corrispondenza;;del civico n. ;66;;Investimento di pedone;Rettilineo;Due carreggiate;Asciutto;Asfaltata;Orizzontale;Sereno;Normale;Buona;Ore Diurne;1;0;0;1;;;-1;;;;Pedone;F;Rimandato;0;NON DECEDUTO;;
1803913;18;15/06/2009 14:00;Strada Urbana;CIRCONVALLAZIONE AURELIA;in corrispondenza;;del civico n. ;66;;Investimento di pedone;Rettilineo;Due carreggiate;Asciutto;Asfaltata;Orizzontale;Sereno;Normale;Buona;Ore Diurne;1;0;0;1;;;-1;1;Motociclo a solo;In marcia / fermata / arresto;Conducente;M;Illeso;0;;Utilizzato;Inesistente
1803914;19;15/06/2009 08:10;Strada Urbana;VIA MONTEBRUNO;in prossimità;;del civico n. ;30;;Scontro laterale fra veicoli in marcia;Rettilineo;Una carreggiata a doppio senso;Asciutto;Asfaltata;Assente;Sereno;Normale;Buona;Ore Diurne;0;0;0;2;;;-1;1;Autovettura privata;In marcia / fermata / arresto;Conducente;F;Illeso;0;;Non accertato;Inesploso
1803914;19;15/06/2009 08:10;Strada Urbana;VIA MONTEBRUNO;in prossimità;;del civico n. ;30;;Scontro laterale fra veicoli in marcia;Rettilineo;Una carreggiata a doppio senso;Asciutto;Asfaltata;Assente;Sereno;Normale;Buona;Ore Diurne;0;0;0;2;;;-1;2;Autovettura privata;In marcia / fermata / arresto;Conducente;F;Illeso;0;;Non accertato;Inesploso
1803915;19;15/06/2009 08:20;Strada Urbana;VIA DI S. CLETO PAPA;all'intersezione con;VIA ALESSANDRO VII;VIA ALESSANDRO VII;;;Investimento di pedone;Incrocio;Una carreggiata a doppio senso;Asciutto;Asfaltata;Verticale ed orizzontale;Sereno;Intenso;Buona;Ore Diurne;1;0;0;1;;;-1;;;;Pedone;F;Rimandato;0;NON DECEDUTO;;
1803915;19;15/06/2009 08:20;Strada Urbana;VIA DI S. CLETO PAPA;all'intersezione con;VIA ALESSANDRO VII;VIA ALESSANDRO VII;;;Investimento di pedone;Incrocio;Una carreggiata a doppio senso;Asciutto;Asfaltata;Verticale ed orizzontale;Sereno;Intenso;Buona;Ore Diurne;1;0;0;1;;;-1;1;Autocarro inferiore 35 q.;In marcia / fermata / arresto;Conducente;M;Illeso;0;;Non accertato;Inesploso
1803916;19;15/06/2009 10:50;Strada Urbana;VIALE ESPERIA SPERANI;in corrispondenza;;del civico n. ;37;;Tamponamento;Rettilineo;Una carreggiata a doppio senso;Asciutto;Asfaltata;Verticale ed orizzontale;Sereno;Normale;Buona;Ore Diurne;1;0;0;3;;;-1;1;Autovettura privata;In marcia / fermata / arresto;Conducente;F;Illeso;0;;Non accertato;Inesploso
1803916;19;15/06/2009 10:50;Strada Urbana;VIALE ESPERIA SPERANI;in corrispondenza;;del civico n. ;37;;Tamponamento;Rettilineo;Una carreggiata a doppio senso;Asciutto;Asfaltata;Verticale ed orizzontale;Sereno;Normale;Buona;Ore Diurne;1;0;0;3;;;-1;1;Autovettura privata;In marcia / fermata / arresto;Passeggero;M;Illeso;0;;Non accertato;Inesploso
1803916;19;15/06/2009 10:50;Strada Urbana;VIALE ESPERIA SPERANI;in corrispondenza;;del civico n. ;37;;Tamponamento;Rettilineo;Una carreggiata a doppio senso;Asciutto;Asfaltata;Verticale ed orizzontale;Sereno;Normale;Buona;Ore Diurne;1;0;0;3;;;-1;1;Autovettura privata;In marcia / fermata / arresto;Passeggero Istruttore;M;Illeso;0;;Non accertato;Inesploso
1803916;19;15/06/2009 10:50;Strada Urbana;VIALE ESPERIA SPERANI;in corrispondenza;;del civico n. ;37;;Tamponamento;Rettilineo;Una carreggiata a doppio senso;Asciutto;Asfaltata;Verticale ed orizzontale;Sereno;Normale;Buona;Ore Diurne;1;0;0;3;;;-1;2;Ciclomotore;In marcia / fermata / arresto;Conducente;M;Rimandato;0;NON DECEDUTO;Non accertato;Inesistente
1803917;19;15/06/2009 12:40;Strada Urbana;VIA MATTIA BATTISTINI;in prossimità;;del civico n. ;221;;Tamponamento;Rettilineo;Una carreggiata a doppio senso;Asciutto;Asfaltata;Orizzontale;Sereno;Normale;Buona;Ore Diurne;1;0;0;1;;;-1;1;Autovettura privata;In marcia / fermata / arresto;Conducente;F;Illeso;0;;Non accertato;Inesploso
1803917;19;15/06/2009 12:40;Strada Urbana;VIA MATTIA BATTISTINI;in prossimità;;del civico n. ;221;;Tamponamento;Rettilineo;Una carreggiata a doppio senso;Asciutto;Asfaltata;Orizzontale;Sereno;Normale;Buona;Ore Diurne;1;0;0;1;;;-1;2;Motociclo a solo;In marcia / fermata / arresto;Conducente;M;Ricoverato;0;NON DECEDUTO;Non accertato;Inesistente
1803918;19;15/06/2009 14:25;Comunale extraurbana;VIA DI S. MARIA DI GALERIA;in corrispondenza;;del palo luce n. ;9;;Fuoriuscita dalla sede stradale;Rettilineo;Una carreggiata a doppio senso;Asciutto;Asfaltata;Orizzontale;Sereno;Scarso;Buona;Ore Diurne;1;0;0;0;;;-1;1;Autovettura privata;In marcia / fermata / arresto;Conducente;M;Rimandato;0;NON DECEDUTO;Non accertato;Inesploso
1803919;19;15/06/2009 17:00;Strada Urbana;VIA DI S. MARIA DI GALERIA;in prossimità;;del civico n. ;472;;Veicolo in marcia contro ostacolo accidentale;Curva senza visuale libera;Una carreggiata a doppio senso;Asciutto;Asfaltata;Orizzontale;Sereno;Scarso;Buona;Ore Diurne;1;0;0;0;;;-1;1;Motociclo a solo;In marcia / fermata / arresto;Conducente;M;Rimandato;0;NON DECEDUTO;Non accertato;Inesistente
1803920;2;12/06/2009 08:20;Strada Urbana;VIALE BRUNO BUOZZI;in corrispondenza;;del civico n. ;1/D;;Investimento di pedone;Rettilineo;Una carreggiata a doppio senso;Asciutto;Asfaltata;Verticale ed orizzontale;Sereno;Normale;Buona;Ore Diurne;1;0;0;1;;;-1;;;;Pedone;F;Rimandato;0;NON DECEDUTO;;
1803920;2;12/06/2009 08:20;Strada Urbana;VIALE BRUNO BUOZZI;in corrispondenza;;del civico n. ;1/D;;Investimento di pedone;Rettilineo;Una carreggiata a doppio senso;Asciutto;Asfaltata;Verticale ed orizzontale;Sereno;Normale;Buona;Ore Diurne;1;0;0;1;;;-1;1;Autovettura privata;In marcia / fermata / arresto;Conducente;M;Illeso;0;;Non accertato;Inesistente
1803921;2;12/06/2009 14:05;Strada Urbana;VIA NOMENTANA;all'intersezione semaforizzata con;VIA DI S. ANGELA MERICI;VIA DI S. ANGELA MERICI;;;Scontro laterale fra veicoli in marcia;Intersezione semaforizzata;Una carreggiata a doppio senso;Asciutto;Asfaltata;Verticale ed orizzontale;Sereno;Normale;Buona;Ore Diurne;2;0;0;0;;;-1;1;Autovettura privata;In marcia / fermata / arresto;Conducente;F;Rifiuta cure immediate;0;NON DECEDUTO;Non accertato;Inesistente
1803921;2;12/06/2009 14:05;Strada Urbana;VIA NOMENTANA;all'intersezione semaforizzata con;VIA DI S. ANGELA MERICI;VIA DI S. ANGELA MERICI;;;Scontro laterale fra veicoli in marcia;Intersezione semaforizzata;Una carreggiata a doppio senso;Asciutto;Asfaltata;Verticale ed orizzontale;Sereno;Normale;Buona;Ore Diurne;2;0;0;0;;;-1;2;Autovettura privata;In marcia / fermata / arresto;Conducente;M;Rimandato;0;NON DECEDUTO;Non accertato;Inesistente
1803922;2;12/06/2009 15:15;Strada Urbana;VIALE DEL MURO TORTO;in prossimità;;del civico n. ;5;;Veicolo in marcia contro veicolo in sosta;Rettilineo;Due carreggiate;Asciutto;Asfaltata;Verticale ed orizzontale;Sereno;Intenso;Buona;Ore Diurne;0;0;0;2;;;-1;1;Autovettura privata;In marcia / fermata / arresto;Conducente;M;Illeso;0;;Non accertato;Inesploso
1803922;2;12/06/2009 15:15;Strada Urbana;VIALE DEL MURO TORTO;in prossimità;;del civico n. ;5;;Veicolo in marcia contro veicolo in sosta;Rettilineo;Due carreggiate;Asciutto;Asfaltata;Verticale ed orizzontale;Sereno;Intenso;Buona;Ore Diurne;0;0;0;2;;;-1;2;Autovettura privata;In marcia / fermata / arresto;Conducente;M;Illeso;0;;Non accertato;Inesploso
1803923;2;13/06/2009 00:15;Strada Urbana;VIA LUCRINO;da specificare;;;;altezza Piazza Acilia;Veicolo in marcia contro ostacolo accidentale;Rettilineo;Una carreggiata a senso unico di marcia;Asciutto;Con buche;Verticale ed orizzontale;Sereno;Scarso;Buona;Sufficiente;0;0;0;1;;;-1;1;Autovettura privata;In marcia / fermata / arresto;Conducente;F;Illeso;0;;Non accertato;Inesistente
1803924;2;13/06/2009 00:20;Strada Urbana;VIA ANTONIO BERTOLONI;all'intersezione semaforizzata con;PIAZZA PITAGORA;PIAZZA PITAGORA;;;Scontro laterale fra veicoli in marcia;Intersezione semaforizzata;Una carreggiata a doppio senso;Asciutto;Asfaltata;Verticale ed orizzontale;Sereno;Scarso;Buona;Sufficiente;0;0;0;3;;;-1;1;Autovettura privata;In marcia / fermata / arresto;Conducente;M;Illeso;0;;Non accertato;Inesistente
1803924;2;13/06/2009 00:20;Strada Urbana;VIA ANTONIO BERTOLONI;all'intersezione semaforizzata con;PIAZZA PITAGORA;PIAZZA PITAGORA;;;Scontro laterale fra veicoli in marcia;Intersezione semaforizzata;Una carreggiata a doppio senso;Asciutto;Asfaltata;Verticale ed orizzontale;Sereno;Scarso;Buona;Sufficiente;0;0;0;3;;;-1;1;Autovettura privata;In marcia / fermata / arresto;Passeggero;F;Illeso;0;;Non accertato;Inesistente
1803924;2;13/06/2009 00:20;Strada Urbana;VIA ANTONIO BERTOLONI;all'intersezione semaforizzata con;PIAZZA PITAGORA;PIAZZA PITAGORA;;;Scontro laterale fra veicoli in marcia;Intersezione semaforizzata;Una carreggiata a doppio senso;Asciutto;Asfaltata;Verticale ed orizzontale;Sereno;Scarso;Buona;Sufficiente;0;0;0;3;;;-1;2;Autovettura pubblica;In marcia / fermata / arresto;Conducente;M;Illeso;0;;Non accertato;Inesistente
1803925;2;13/06/2009 02:20;Strada Urbana;VIA SALARIA;da specificare;;;;PROSSIMITA'  PONTE DELL'ANIENE;Tamponamento;Curva a visuale libera;Una carreggiata a senso unico di marcia;Asciutto;Asfaltata;Verticale ed orizzontale;Sereno;Scarso;Buona;Sufficiente;1;0;0;0;;;-1;1;Autovettura privata;In marcia / fermata / arresto;Conducente;M;Rimandato;0;NON DECEDUTO;Non accertato;Inesistente
1803926;2;13/06/2009 05:25;Strada Urbana;VIALE DELLA MOSCHEA;all'intersezione semaforizzata con;VIA DI PONTE SALARIO;VIA DI PONTE SALARIO;;;Veicolo in marcia contro ostacolo fisso;Intersezione semaforizzata;Una carreggiata a doppio senso;Asciutto;Asfaltata;Verticale ed orizzontale;Sereno;Scarso;Buona;Ore Diurne;0;0;0;1;;;-1;1;Autovettura privata;In marcia / fermata / arresto;Conducente;M;Illeso;0;;Non accertato;Inesistente
1803927;2;13/06/2009 13:30;Strada Urbana;LARGO PABLO PICASSO;da specificare;;;;prossimità V.le del Giardino Zoologico;Veicolo in marcia contro ostacolo fisso;Rettilineo;Una carreggiata a senso unico di marcia;Asciutto;Asfaltata;Assente;Sereno;Scarso;Buona;Ore Diurne;0;0;0;1;;;-1;1;Autocarro inferiore 35 q.;Allontanatosi;Conducente;M;Illeso;0;;Non accertato;Inesistente
1803928;2;13/06/2009 15:30;Strada Urbana;VIA CHIANA;all'intersezione semaforizzata con;VIA SEBINO;VIA SEBINO;;;Scontro frontale/laterale SX fra veicoli in marcia;Intersezione semaforizzata;Una carreggiata a doppio senso;Asciutto;Asfaltata;Verticale ed orizzontale;Sereno;Normale;Buona;Ore Diurne;1;0;0;1;;;-1;1;Autocarro inferiore 35 q.;In marcia / fermata / arresto;Conducente;F;Illeso;0;;Non accertato;Inesistente
1803928;2;13/06/2009 15:30;Strada Urbana;VIA CHIANA;all'intersezione semaforizzata con;VIA SEBINO;VIA SEBINO;;;Scontro frontale/laterale SX fra veicoli in marcia;Intersezione semaforizzata;Una carreggiata a doppio senso;Asciutto;Asfaltata;Verticale ed orizzontale;Sereno;Normale;Buona;Ore Diurne;1;0;0;1;;;-1;2;Ciclomotore;In marcia / fermata / arresto;Conducente;M;Rifiuta cure immediate;0;NON DECEDUTO;Non accertato;Inesistente
1803929;2;13/06/2009 20:00;Strada Urbana;VIALE PARIOLI;all'intersezione semaforizzata con;VIALE DELLA MOSCHEA;VIALE DELLA MOSCHEA;;;Scontro frontale/laterale SX fra veicoli in marcia;Incrocio;Due carreggiate;Asciutto;Asfaltata;Verticale ed orizzontale;Sereno;Normale;Buona;Ore Diurne;1;0;0;2;;;-1;1;Ciclomotore;In marcia / fermata / arresto;Conducente;M;Rimandato;0;NON DECEDUTO;Non accertato;Inesistente
1803929;2;13/06/2009 20:00;Strada Urbana;VIALE PARIOLI;all'intersezione semaforizzata con;VIALE DELLA MOSCHEA;VIALE DELLA MOSCHEA;;;Scontro frontale/laterale SX fra veicoli in marcia;Incrocio;Due carreggiate;Asciutto;Asfaltata;Verticale ed orizzontale;Sereno;Normale;Buona;Ore Diurne;1;0;0;2;;;-1;2;Autovettura privata;In marcia / fermata / arresto;Conducente;M;Illeso;0;;Non accertato;Inesistente
1803929;2;13/06/2009 20:00;Strada Urbana;VIALE PARIOLI;all'intersezione semaforizzata con;VIALE DELLA MOSCHEA;VIALE DELLA MOSCHEA;;;Scontro frontale/laterale SX fra veicoli in marcia;Incrocio;Due carreggiate;Asciutto;Asfaltata;Verticale ed orizzontale;Sereno;Normale;Buona;Ore Diurne;1;0;0;2;;;-1;2;Autovettura privata;In marcia / fermata / arresto;Passeggero;F;Illeso;0;;Non accertato;Inesploso
1803930;2;14/06/2009 00:05;Strada Urbana;LUNGOTEVERE MARESCIALLO DIAZ;da specificare;;;;altezza Ministero Affari Esteri;Scontro laterale fra veicoli in marcia;Rettilineo;Due carreggiate;Asciutto;Asfaltata;Verticale ed orizzontale;Sereno;Scarso;Buona;Sufficiente;0;0;0;3;;;-1;1;Autovettura privata;In marcia / fermata / arresto;Conducente;F;Illeso;0;;Non accertato;Inesistente
1803930;2;14/06/2009 00:05;Strada Urbana;LUNGOTEVERE MARESCIALLO DIAZ;da specificare;;;;altezza Ministero Affari Esteri;Scontro laterale fra veicoli in marcia;Rettilineo;Due carreggiate;Asciutto;Asfaltata;Verticale ed orizzontale;Sereno;Scarso;Buona;Sufficiente;0;0;0;3;;;-1;1;Autovettura privata;In marcia / fermata / arresto;Passeggero;M;Illeso;0;;Non accertato;Inesistente
1803930;2;14/06/2009 00:05;Strada Urbana;LUNGOTEVERE MARESCIALLO DIAZ;da specificare;;;;altezza Ministero Affari Esteri;Scontro laterale fra veicoli in marcia;Rettilineo;Due carreggiate;Asciutto;Asfaltata;Verticale ed orizzontale;Sereno;Scarso;Buona;Sufficiente;0;0;0;3;;;-1;2;Autovettura privata;In marcia / fermata / arresto;Conducente;M;Illeso;0;;Non accertato;Inesistente
1803931;2;14/06/2009 10:05;Strada Urbana;LUNGOTEVERE ARNALDO DA BRESCIA;da specificare;;;;nel sottopasso;Veicolo in marcia contro ostacolo fisso;Sottopasso illuminato;Una carreggiata a senso unico di marcia;Asciutto;Asfaltata;Orizzontale;Sereno;Scarso;Buona;Ore Diurne;0;0;0;1;;;-1;1;Autovettura privata;In marcia / fermata / arresto;Conducente;M;Illeso;0;;Non accertato;Inesistente
1803932;2;14/06/2009 10:55;Strada Urbana;VIA ALESSANDRIA;all'intersezione con;VIA NOVARA;VIA NOVARA;;;Scontro frontale/laterale DX fra veicoli in marcia;Incrocio;Una carreggiata a senso unico di marcia;Asciutto;Acciotolata;Verticale ed orizzontale;Sereno;Scarso;Buona;Ore Diurne;0;0;0;4;;;-1;1;Autovettura privata;In marcia / fermata / arresto;Conducente;M;Illeso;0;;Non accertato;Inesistente
1803932;2;14/06/2009 10:55;Strada Urbana;VIA ALESSANDRIA;all'intersezione con;VIA NOVARA;VIA NOVARA;;;Scontro frontale/laterale DX fra veicoli in marcia;Incrocio;Una carreggiata a senso unico di marcia;Asciutto;Acciotolata;Verticale ed orizzontale;Sereno;Scarso;Buona;Ore Diurne;0;0;0;4;;;-1;2;Autovettura privata;In marcia / fermata / arresto;Conducente;F;Illeso;0;;Non accertato;Inesistente
1803932;2;14/06/2009 10:55;Strada Urbana;VIA ALESSANDRIA;all'intersezione con;VIA NOVARA;VIA NOVARA;;;Scontro frontale/laterale DX fra veicoli in marcia;Incrocio;Una carreggiata a senso unico di marcia;Asciutto;Acciotolata;Verticale ed orizzontale;Sereno;Scarso;Buona;Ore Diurne;0;0;0;4;;;-1;2;Autovettura privata;In marcia / fermata / arresto;Passeggero;F;Illeso;0;;Non accertato;Inesistente
1803932;2;14/06/2009 10:55;Strada Urbana;VIA ALESSANDRIA;all'intersezione con;VIA NOVARA;VIA NOVARA;;;Scontro frontale/laterale DX fra veicoli in marcia;Incrocio;Una carreggiata a senso unico di marcia;Asciutto;Acciotolata;Verticale ed orizzontale;Sereno;Scarso;Buona;Ore Diurne;0;0;0;4;;;-1;2;Autovettura privata;In marcia / fermata / arresto;Passeggero;F;Illeso;0;;Non accertato;Inesistente
1803933;2;14/06/2009 22:10;Strada Urbana;VIA SAVOIA;in prossimità;;del civico n. ;33;;Veicolo in marcia contro veicolo arresto;Rettilineo;Una carreggiata a senso unico di marcia;Asciutto;Lastricata;Assente;Sereno;Scarso;Sufficiente;Sufficiente;0;0;0;3;;;-1;1;Autovettura privata;In marcia / fermata / arresto;Conducente;M;Illeso;0;;Non accertato;Inesploso
1803933;2;14/06/2009 22:10;Strada Urbana;VIA SAVOIA;in prossimità;;del civico n. ;33;;Veicolo in marcia contro veicolo arresto;Rettilineo;Una carreggiata a senso unico di marcia;Asciutto;Lastricata;Assente;Sereno;Scarso;Sufficiente;Sufficiente;0;0;0;3;;;-1;1;Autovettura privata;In marcia / fermata / arresto;Passeggero;F;Illeso;0;;Non accertato;Inesploso
1803933;2;14/06/2009 22:10;Strada Urbana;VIA SAVOIA;in prossimità;;del civico n. ;33;;Veicolo in marcia contro veicolo arresto;Rettilineo;Una carreggiata a senso unico di marcia;Asciutto;Lastricata;Assente;Sereno;Scarso;Sufficiente;Sufficiente;0;0;0;3;;;-1;2;Autovettura privata;Allontanatosi;Conducente;M;Illeso;0;;Non accertato;Inesploso
1803934;2;14/06/2009 23:20;Strada Urbana;VIALE SOMALIA;in prossimità;;del civico n. ;109;;Veicolo in marcia contro veicolo in sosta;Rettilineo;Una carreggiata a doppio senso;Asciutto;Asfaltata;Verticale ed orizzontale;Sereno;Scarso;Buona;Sufficiente;0;0;0;2;;;-1;1;Autovettura privata;Sosta;Passeggero;F;Illeso;0;;Non accertato;Inesistente
1803934;2;14/06/2009 23:20;Strada Urbana;VIALE SOMALIA;in prossimità;;del civico n. ;109;;Veicolo in marcia contro veicolo in sosta;Rettilineo;Una carreggiata a doppio senso;Asciutto;Asfaltata;Verticale ed orizzontale;Sereno;Scarso;Buona;Sufficiente;0;0;0;2;;;-1;2;Autovettura privata;In marcia / fermata / arresto;Conducente;F;Illeso;0;;Non accertato;Inesistente
1803935;2;15/06/2009 08:55;Strada Urbana;VIA DALMAZIA;in prossimità;;del civico n. ;31;;Scontro laterale fra veicoli in marcia;Rettilineo;Una carreggiata a doppio senso;Asciutto;Asfaltata;Orizzontale;Sereno;Normale;Buona;Ore Diurne;1;0;0;1;;;-1;1;Autovettura privata;In marcia / fermata / arresto;Conducente;M;Illeso;0;;Non accertato;Inesistente
1803935;2;15/06/2009 08:55;Strada Urbana;VIA DALMAZIA;in prossimità;;del civico n. ;31;;Scontro laterale fra veicoli in marcia;Rettilineo;Una carreggiata a doppio senso;Asciutto;Asfaltata;Orizzontale;Sereno;Normale;Buona;Ore Diurne;1;0;0;1;;;-1;2;Motociclo a solo;In marcia / fermata / arresto;Conducente;F;Rimandato;0;NON DECEDUTO;Non accertato;Inesistente
1803936;2;15/06/2009 11:40;Strada Urbana;VIALE ETIOPIA;in corrispondenza;;del civico n. ;26;;Scontro frontale fra veicoli in marcia;Curva a visuale libera;Due carreggiate;Asciutto;Asfaltata;Verticale ed orizzontale;Sereno;Normale;Buona;Ore Diurne;0;0;0;3;;;-1;1;Autovettura privata;In marcia / fermata / arresto;Conducente;M;Illeso;0;;Non accertato;Inesistente
1803936;2;15/06/2009 11:40;Strada Urbana;VIALE ETIOPIA;in corrispondenza;;del civico n. ;26;;Scontro frontale fra veicoli in marcia;Curva a visuale libera;Due carreggiate;Asciutto;Asfaltata;Verticale ed orizzontale;Sereno;Normale;Buona;Ore Diurne;0;0;0;3;;;-1;1;Autovettura privata;In marcia / fermata / arresto;Passeggero;M;Illeso;0;;Non accertato;Inesistente
1803936;2;15/06/2009 11:40;Strada Urbana;VIALE ETIOPIA;in corrispondenza;;del civico n. ;26;;Scontro frontale fra veicoli in marcia;Curva a visuale libera;Due carreggiate;Asciutto;Asfaltata;Verticale ed orizzontale;Sereno;Normale;Buona;Ore Diurne;0;0;0;3;;;-1;2;Autovettura privata;In marcia / fermata / arresto;Conducente;M;Illeso;0;;Non accertato;Inesistente
1803937;20;12/06/2009 12:35;Provinciale;VIA BRACCIANENSE;in prossimità;;della chilometrica ;8.3;;Tamponamento Multiplo;Curva a visuale libera;Una carreggiata a doppio senso;Asciutto;Asfaltata;Verticale ed orizzontale;Sereno;Normale;Buona;Ore Diurne;1;0;0;2;;;-1;1;Autobus di linea;In marcia / fermata / arresto;Conducente;M;Illeso;0;;Non accertato;Inesploso
1803937;20;12/06/2009 12:35;Provinciale;VIA BRACCIANENSE;in prossimità;;della chilometrica ;8.3;;Tamponamento Multiplo;Curva a visuale libera;Una carreggiata a doppio senso;Asciutto;Asfaltata;Verticale ed orizzontale;Sereno;Normale;Buona;Ore Diurne;1;0;0;2;;;-1;2;Autovettura privata;In marcia / fermata / arresto;Conducente;F;Rimandato;0;NON DECEDUTO;Non accertato;Inesploso
1803937;20;12/06/2009 12:35;Provinciale;VIA BRACCIANENSE;in prossimità;;della chilometrica ;8.3;;Tamponamento Multiplo;Curva a visuale libera;Una carreggiata a doppio senso;Asciutto;Asfaltata;Verticale ed orizzontale;Sereno;Normale;Buona;Ore Diurne;1;0;0;2;;;-1;3;Autocarro inferiore 35 q.;In marcia / fermata / arresto;Conducente;M;Illeso;0;;Non accertato;Inesploso
1803938;20;15/06/2009 09:00;Strada Urbana;LARGO MARESCIALLO DIAZ;all'intersezione con;LUNGOTEVERE MARESCIALLO DIAZ;LUNGOTEVERE MARESCIALLO DIAZ;;;Scontro laterale fra veicoli in marcia;Intersezione semaforizzata;Una carreggiata a senso unico di marcia;Asciutto;Asfaltata;Verticale ed orizzontale;Sereno;Normale;Buona;Ore Diurne;0;0;0;2;;;-1;1;Autovettura privata;In marcia / fermata / arresto;Conducente;M;Illeso;0;;Utilizzato;Inesploso
1803938;20;15/06/2009 09:00;Strada Urbana;LARGO MARESCIALLO DIAZ;all'intersezione con;LUNGOTEVERE MARESCIALLO DIAZ;LUNGOTEVERE MARESCIALLO DIAZ;;;Scontro laterale fra veicoli in marcia;Intersezione semaforizzata;Una carreggiata a senso unico di marcia;Asciutto;Asfaltata;Verticale ed orizzontale;Sereno;Normale;Buona;Ore Diurne;0;0;0;2;;;-1;2;Autovettura privata;In marcia / fermata / arresto;Conducente;F;Illeso;0;;Utilizzato;Inesploso