Protocollo;Gruppo;DataOraIncidente;Localizzazione1;STRADA1;Localizzazione2;STRADA2;Strada02;Chilometrica;DaSpecificare;NaturaIncidente;particolaritastrade;TipoStrada;FondoStradale;Pavimentazione;Segnaletica;CondizioneAtmosferica;Traffico;Visibilita;Illuminazione;NUM_FERITI;NUM_RISERVATA;NUM_MORTI;NUM_ILLESI;Longitudine;Latitudine;Confermato;Progressivo;TipoVeicolo;StatoVeicolo;TipoPersona;Sesso;Tipolesione;Deceduto;DecedutoDopo;CinturaCascoUtilizzato;Airbag
1804503;9;19/06/2009 08:20;Strada Urbana;VIA TUSCOLANA;all'intersezione con;VIA UMBERTIDE;VIA UMBERTIDE;;;Scontro frontale/laterale DX fra veicoli in marcia;Incrocio;Due carreggiate;Asciutto;Asfaltata;Verticale ed orizzontale;Sereno;Intenso;Buona;Ore Diurne;1;0;0;1;;;-1;2;Motrice;In marcia / fermata / arresto;Conducente;M;Illeso;0;;Esente;Inesistente
1804504;9;19/06/2009 11:30;Strada Urbana;VIA PATRICA;in prossimità;;del civico n. ;14;;Scontro laterale fra veicoli in marcia;Rettilineo;Una carreggiata a senso unico di marcia;Asciutto;Asfaltata;Orizzontale;Sereno;Normale;Buona;Ore Diurne;0;0;0;1;;;-1;1;Autovettura privata;In marcia / fermata / arresto;Conducente;F;Illeso;0;;Non accertato;Inesploso
1804505;9;19/06/2009 13:10;Strada Urbana;VIA SATRICO;all'intersezione con;VIA COLLAZIA;VIA COLLAZIA;;;Scontro frontale/laterale DX fra veicoli in marcia;Incrocio;Una carreggiata a doppio senso;Asciutto;Asfaltata;Assente;Sereno;Scarso;Buona;Ore Diurne;0;0;0;2;;;-1;1;Autovettura privata;In marcia / fermata / arresto;Conducente;M;Illeso;0;;Non accertato;Inesistente
1804505;9;19/06/2009 13:10;Strada Urbana;VIA SATRICO;all'intersezione con;VIA COLLAZIA;VIA COLLAZIA;;;Scontro frontale/laterale DX fra veicoli in marcia;Incrocio;Una carreggiata a doppio senso;Asciutto;Asfaltata;Assente;Sereno;Scarso;Buona;Ore Diurne;0;0;0;2;;;-1;2;Motociclo a solo;In marcia / fermata / arresto;Conducente;M;Illeso;0;;Non accertato;Inesistente
1804506;9;19/06/2009 18:55;Strada Urbana;VIA APPIA NUOVA;in prossimità;;del civico n. ;40;;Scontro laterale fra veicoli in marcia;Rettilineo;Due carreggiate;Asciutto;Asfaltata;Verticale ed orizzontale;Sereno;Intenso;Buona;Ore Diurne;1;0;0;1;;;-1;1;Autovettura privata;In marcia / fermata / arresto;Conducente;M;Illeso;0;;Non accertato;Inesistente
1804506;9;19/06/2009 18:55;Strada Urbana;VIA APPIA NUOVA;in prossimità;;del civico n. ;40;;Scontro laterale fra veicoli in marcia;Rettilineo;Due carreggiate;Asciutto;Asfaltata;Verticale ed orizzontale;Sereno;Intenso;Buona;Ore Diurne;1;0;0;1;;;-1;2;Motociclo a solo;In marcia / fermata / arresto;Conducente;M;Rimandato;0;NON DECEDUTO;Non accertato;Inesistente
1804507;9;20/06/2009 00:50;Strada Urbana;VIA CASILINA;in corrispondenza;;del civico n. ;144;;Veicolo in marcia contro ostacolo accidentale;Rettilineo;Una carreggiata a doppio senso;Asciutto;Con buche;Verticale ed orizzontale;Sereno;Scarso;Sufficiente;Sufficiente;0;0;0;2;;;-1;1;Autovettura privata;In marcia / fermata / arresto;Conducente;M;Illeso;0;;Non accertato;Inesploso
1804507;9;20/06/2009 00:50;Strada Urbana;VIA CASILINA;in corrispondenza;;del civico n. ;144;;Veicolo in marcia contro ostacolo accidentale;Rettilineo;Una carreggiata a doppio senso;Asciutto;Con buche;Verticale ed orizzontale;Sereno;Scarso;Sufficiente;Sufficiente;0;0;0;2;;;-1;1;Autovettura privata;In marcia / fermata / arresto;Passeggero;M;Illeso;0;;Non accertato;Inesploso
1804508;9;20/06/2009 06:50;Strada Urbana;VIA APPIA NUOVA;in prossimità;;del civico n. ;423/A;;Veicolo in marcia contro veicolo fermo;Rettilineo;Due carreggiate;Asciutto;Asfaltata;Assente;Sereno;Scarso;Buona;Ore Diurne;0;0;0;1;;;-1;1;Autovettura privata;In marcia / fermata / arresto;Conducente;F;Illeso;0;;Non accertato;Inesistente
1804509;9;20/06/2009 10:20;Strada Urbana;VIA APPIA NUOVA;all'intersezione semaforizzata con;VIA DI TORRE DEL FISCALE;VIA DI TORRE DEL FISCALE;;;Tamponamento;Intersezione semaforizzata;Due carreggiate;Bagnato (pioggia);Asfaltata;Verticale ed orizzontale;Nuvoloso;Normale;Buona;Ore Diurne;2;0;0;2;;;-1;1;Autovettura privata;In marcia / fermata / arresto;Conducente;F;Illeso;0;;Non accertato;Inesistente
1804509;9;20/06/2009 10:20;Strada Urbana;VIA APPIA NUOVA;all'intersezione semaforizzata con;VIA DI TORRE DEL FISCALE;VIA DI TORRE DEL FISCALE;;;Tamponamento;Intersezione semaforizzata;Due carreggiate;Bagnato (pioggia);Asfaltata;Verticale ed orizzontale;Nuvoloso;Normale;Buona;Ore Diurne;2;0;0;2;;;-1;1;Autovettura privata;In marcia / fermata / arresto;Passeggero;M;Rimandato;0;NON DECEDUTO;Non accertato;Inesistente
1804509;9;20/06/2009 10:20;Strada Urbana;VIA APPIA NUOVA;all'intersezione semaforizzata con;VIA DI TORRE DEL FISCALE;VIA DI TORRE DEL FISCALE;;;Tamponamento;Intersezione semaforizzata;Due carreggiate;Bagnato (pioggia);Asfaltata;Verticale ed orizzontale;Nuvoloso;Normale;Buona;Ore Diurne;2;0;0;2;;;-1;1;Autovettura privata;In marcia / fermata / arresto;Passeggero;F;Rimandato;0;NON DECEDUTO;Non accertato;Inesistente
1804509;9;20/06/2009 10:20;Strada Urbana;VIA APPIA NUOVA;all'intersezione semaforizzata con;VIA DI TORRE DEL FISCALE;VIA DI TORRE DEL FISCALE;;;Tamponamento;Intersezione semaforizzata;Due carreggiate;Bagnato (pioggia);Asfaltata;Verticale ed orizzontale;Nuvoloso;Normale;Buona;Ore Diurne;2;0;0;2;;;-1;2;Autobus di linea;In marcia / fermata / arresto;Conducente;M;Illeso;0;;Non accertato;Inesistente
1804510;9;20/06/2009 19:00;Strada Urbana;VIA ORVIETO;all'intersezione con;VIA TERNI;VIA TERNI;;;Scontro frontale/laterale SX fra veicoli in marcia;Incrocio;Due carreggiate;Asciutto;Asfaltata;Verticale;Sereno;Normale;Buona;Ore Diurne;2;0;0;1;;;-1;1;Autovettura privata;In marcia / fermata / arresto;Conducente;F;Rimandato;0;NON DECEDUTO;Non accertato;Inesploso
1804510;9;20/06/2009 19:00;Strada Urbana;VIA ORVIETO;all'intersezione con;VIA TERNI;VIA TERNI;;;Scontro frontale/laterale SX fra veicoli in marcia;Incrocio;Due carreggiate;Asciutto;Asfaltata;Verticale;Sereno;Normale;Buona;Ore Diurne;2;0;0;1;;;-1;1;Autovettura privata;In marcia / fermata / arresto;Passeggero;M;Illeso;0;;Utilizzato;Inesploso
1804510;9;20/06/2009 19:00;Strada Urbana;VIA ORVIETO;all'intersezione con;VIA TERNI;VIA TERNI;;;Scontro frontale/laterale SX fra veicoli in marcia;Incrocio;Due carreggiate;Asciutto;Asfaltata;Verticale;Sereno;Normale;Buona;Ore Diurne;2;0;0;1;;;-1;2;Autovettura privata;In marcia / fermata / arresto;Conducente;F;Rimandato;0;NON DECEDUTO;Utilizzato;Inesploso
1804511;9;21/06/2009 02:10;Strada Urbana;VIA GALLIA;in prossimità;;del civico n. ;188;;Scontro frontale/laterale SX fra veicoli in marcia;Rettilineo;Una carreggiata a doppio senso;Asciutto;Asfaltata;Orizzontale;Nuvoloso;Normale;Sufficiente;Sufficiente;1;0;0;1;;;-1;1;Autovettura privata;In marcia / fermata / arresto;Conducente;M;Illeso;0;;Utilizzato;Inesistente
1804511;9;21/06/2009 02:10;Strada Urbana;VIA GALLIA;in prossimità;;del civico n. ;188;;Scontro frontale/laterale SX fra veicoli in marcia;Rettilineo;Una carreggiata a doppio senso;Asciutto;Asfaltata;Orizzontale;Nuvoloso;Normale;Sufficiente;Sufficiente;1;0;0;1;;;-1;2;Motociclo a solo;In marcia / fermata / arresto;Conducente;M;Rimandato;0;NON DECEDUTO;Non accertato;Inesistente
1804512;9;21/06/2009 16:30;Strada Urbana;VIA LATINA;all'intersezione con;VIA ALESSANDRO LUZIO;VIA ALESSANDRO LUZIO;;;Infortunio per caduta del veicolo;Incrocio;Una carreggiata a doppio senso;Bagnato (pioggia);Asfaltata;Verticale ed orizzontale;Pioggia in atto;Scarso;Buona;Ore Diurne;2;0;0;2;;;-1;1;Autovettura privata;In marcia / fermata / arresto;Conducente;M;Illeso;0;;Non accertato;Inesistente
1804512;9;21/06/2009 16:30;Strada Urbana;VIA LATINA;all'intersezione con;VIA ALESSANDRO LUZIO;VIA ALESSANDRO LUZIO;;;Infortunio per caduta del veicolo;Incrocio;Una carreggiata a doppio senso;Bagnato (pioggia);Asfaltata;Verticale ed orizzontale;Pioggia in atto;Scarso;Buona;Ore Diurne;2;0;0;2;;;-1;1;Autovettura privata;In marcia / fermata / arresto;Passeggero;M;Illeso;0;;Non accertato;Inesistente
1804512;9;21/06/2009 16:30;Strada Urbana;VIA LATINA;all'intersezione con;VIA ALESSANDRO LUZIO;VIA ALESSANDRO LUZIO;;;Infortunio per caduta del veicolo;Incrocio;Una carreggiata a doppio senso;Bagnato (pioggia);Asfaltata;Verticale ed orizzontale;Pioggia in atto;Scarso;Buona;Ore Diurne;2;0;0;2;;;-1;2;Motociclo con passeggero;In marcia / fermata / arresto;Conducente;M;Rimandato;0;NON DECEDUTO;Non accertato;Inesistente
1804512;9;21/06/2009 16:30;Strada Urbana;VIA LATINA;all'intersezione con;VIA ALESSANDRO LUZIO;VIA ALESSANDRO LUZIO;;;Infortunio per caduta del veicolo;Incrocio;Una carreggiata a doppio senso;Bagnato (pioggia);Asfaltata;Verticale ed orizzontale;Pioggia in atto;Scarso;Buona;Ore Diurne;2;0;0;2;;;-1;2;Motociclo con passeggero;In marcia / fermata / arresto;Passeggero;M;Rimandato;0;NON DECEDUTO;Non accertato;Inesistente
1804513;9;21/06/2009 18:05;Strada Urbana;VIA GIOVANNI BOTERO;in corrispondenza;;del civico n. ;5;;Scontro frontale fra veicoli in marcia;Rettilineo;Una carreggiata a doppio senso;Bagnato (pioggia);Asfaltata;Verticale ed orizzontale;Nuvoloso;Scarso;Buona;Ore Diurne;0;0;0;4;;;-1;1;Autovettura privata;In marcia / fermata / arresto;Conducente;F;Illeso;0;;Non accertato;Inesistente
1804513;9;21/06/2009 18:05;Strada Urbana;VIA GIOVANNI BOTERO;in corrispondenza;;del civico n. ;5;;Scontro frontale fra veicoli in marcia;Rettilineo;Una carreggiata a doppio senso;Bagnato (pioggia);Asfaltata;Verticale ed orizzontale;Nuvoloso;Scarso;Buona;Ore Diurne;0;0;0;4;;;-1;2;Autovettura privata;In marcia / fermata / arresto;Conducente;M;Illeso;0;;Non accertato;Inesistente
1804513;9;21/06/2009 18:05;Strada Urbana;VIA GIOVANNI BOTERO;in corrispondenza;;del civico n. ;5;;Scontro frontale fra veicoli in marcia;Rettilineo;Una carreggiata a doppio senso;Bagnato (pioggia);Asfaltata;Verticale ed orizzontale;Nuvoloso;Scarso;Buona;Ore Diurne;0;0;0;4;;;-1;2;Autovettura privata;In marcia / fermata / arresto;Passeggero;F;Illeso;0;;Non accertato;Inesistente
1804513;9;21/06/2009 18:05;Strada Urbana;VIA GIOVANNI BOTERO;in corrispondenza;;del civico n. ;5;;Scontro frontale fra veicoli in marcia;Rettilineo;Una carreggiata a doppio senso;Bagnato (pioggia);Asfaltata;Verticale ed orizzontale;Nuvoloso;Scarso;Buona;Ore Diurne;0;0;0;4;;;-1;2;Autovettura privata;In marcia / fermata / arresto;Passeggero;F;Illeso;0;;Utilizzato;Inesistente
1804514;9;22/06/2009 00:22;Strada Urbana;VIA NICOLA NISCO;all'intersezione con;VIA DELLA CAFFARELLETTA;VIA DELLA CAFFARELLETTA;;;Scontro laterale fra veicoli in marcia;Incrocio;Una carreggiata a senso unico di marcia;Asciutto;Asfaltata;Verticale ed orizzontale;Nuvoloso;Scarso;Sufficiente;Sufficiente;2;0;0;2;;;-1;1;Autovettura privata;In marcia / fermata / arresto;Conducente;M;Illeso;0;;Non accertato;Inesploso
1804514;9;22/06/2009 00:22;Strada Urbana;VIA NICOLA NISCO;all'intersezione con;VIA DELLA CAFFARELLETTA;VIA DELLA CAFFARELLETTA;;;Scontro laterale fra veicoli in marcia;Incrocio;Una carreggiata a senso unico di marcia;Asciutto;Asfaltata;Verticale ed orizzontale;Nuvoloso;Scarso;Sufficiente;Sufficiente;2;0;0;2;;;-1;1;Autovettura privata;In marcia / fermata / arresto;Passeggero;F;Illeso;0;;Non accertato;Inesploso
1804514;9;22/06/2009 00:22;Strada Urbana;VIA NICOLA NISCO;all'intersezione con;VIA DELLA CAFFARELLETTA;VIA DELLA CAFFARELLETTA;;;Scontro laterale fra veicoli in marcia;Incrocio;Una carreggiata a senso unico di marcia;Asciutto;Asfaltata;Verticale ed orizzontale;Nuvoloso;Scarso;Sufficiente;Sufficiente;2;0;0;2;;;-1;2;Quadriciclo leggero;In marcia / fermata / arresto;Conducente;F;Rimandato;0;NON DECEDUTO;Non accertato;Inesistente
1804514;9;22/06/2009 00:22;Strada Urbana;VIA NICOLA NISCO;all'intersezione con;VIA DELLA CAFFARELLETTA;VIA DELLA CAFFARELLETTA;;;Scontro laterale fra veicoli in marcia;Incrocio;Una carreggiata a senso unico di marcia;Asciutto;Asfaltata;Verticale ed orizzontale;Nuvoloso;Scarso;Sufficiente;Sufficiente;2;0;0;2;;;-1;2;Quadriciclo leggero;In marcia / fermata / arresto;Passeggero;F;Rimandato;0;NON DECEDUTO;Non accertato;Inesistente
1804516;1;16/06/2009 09:50;Strada Urbana;VIA ARIOSTO;all'intersezione con;VIA GALILEI;VIA GALILEI;;;Scontro frontale/laterale SX fra veicoli in marcia;Incrocio;Una carreggiata a senso unico di marcia;Asciutto;Asfaltata;Verticale ed orizzontale;Sereno;Scarso;Buona;Ore Diurne;1;0;0;6;;;-1;1;Autovettura privata;In marcia / fermata / arresto;Conducente;M;Illeso;0;;Non accertato;Inesistente
1804516;1;16/06/2009 09:50;Strada Urbana;VIA ARIOSTO;all'intersezione con;VIA GALILEI;VIA GALILEI;;;Scontro frontale/laterale SX fra veicoli in marcia;Incrocio;Una carreggiata a senso unico di marcia;Asciutto;Asfaltata;Verticale ed orizzontale;Sereno;Scarso;Buona;Ore Diurne;1;0;0;6;;;-1;1;Autovettura privata;In marcia / fermata / arresto;Passeggero;F;Rimandato;0;NON DECEDUTO;Non accertato;Inesistente
1804516;1;16/06/2009 09:50;Strada Urbana;VIA ARIOSTO;all'intersezione con;VIA GALILEI;VIA GALILEI;;;Scontro frontale/laterale SX fra veicoli in marcia;Incrocio;Una carreggiata a senso unico di marcia;Asciutto;Asfaltata;Verticale ed orizzontale;Sereno;Scarso;Buona;Ore Diurne;1;0;0;6;;;-1;2;Autovettura privata;In marcia / fermata / arresto;Conducente;F;Illeso;0;;Utilizzato;Inesistente
1804516;1;16/06/2009 09:50;Strada Urbana;VIA ARIOSTO;all'intersezione con;VIA GALILEI;VIA GALILEI;;;Scontro frontale/laterale SX fra veicoli in marcia;Incrocio;Una carreggiata a senso unico di marcia;Asciutto;Asfaltata;Verticale ed orizzontale;Sereno;Scarso;Buona;Ore Diurne;1;0;0;6;;;-1;2;Autovettura privata;In marcia / fermata / arresto;Passeggero;M;Illeso;0;;Non accertato;Inesistente
1804516;1;16/06/2009 09:50;Strada Urbana;VIA ARIOSTO;all'intersezione con;VIA GALILEI;VIA GALILEI;;;Scontro frontale/laterale SX fra veicoli in marcia;Incrocio;Una carreggiata a senso unico di marcia;Asciutto;Asfaltata;Verticale ed orizzontale;Sereno;Scarso;Buona;Ore Diurne;1;0;0;6;;;-1;2;Autovettura privata;In marcia / fermata / arresto;Passeggero;F;Illeso;0;;Non accertato;Inesistente
1804516;1;16/06/2009 09:50;Strada Urbana;VIA ARIOSTO;all'intersezione con;VIA GALILEI;VIA GALILEI;;;Scontro frontale/laterale SX fra veicoli in marcia;Incrocio;Una carreggiata a senso unico di marcia;Asciutto;Asfaltata;Verticale ed orizzontale;Sereno;Scarso;Buona;Ore Diurne;1;0;0;6;;;-1;2;Autovettura privata;In marcia / fermata / arresto;Passeggero;M;Illeso;0;;Non accertato;Inesistente
1804516;1;16/06/2009 09:50;Strada Urbana;VIA ARIOSTO;all'intersezione con;VIA GALILEI;VIA GALILEI;;;Scontro frontale/laterale SX fra veicoli in marcia;Incrocio;Una carreggiata a senso unico di marcia;Asciutto;Asfaltata;Verticale ed orizzontale;Sereno;Scarso;Buona;Ore Diurne;1;0;0;6;;;-1;2;Autovettura privata;In marcia / fermata / arresto;Passeggero;M;Illeso;0;;Non accertato;Inesistente
1804517;1;16/06/2009 10:00;Strada Urbana;VIA DI PORTA MAGGIORE;da specificare;;;;FRONTE CIVICO 57;Tamponamento;Rettilineo;Due carreggiate;Asciutto;Asfaltata;Assente;Sereno;Normale;Buona;Ore Diurne;0;0;0;2;;;-1;1;Autovettura privata;In marcia / fermata / arresto;Conducente;M;Illeso;0;;Utilizzato;Inesistente
1804517;1;16/06/2009 10:00;Strada Urbana;VIA DI PORTA MAGGIORE;da specificare;;;;FRONTE CIVICO 57;Tamponamento;Rettilineo;Due carreggiate;Asciutto;Asfaltata;Assente;Sereno;Normale;Buona;Ore Diurne;0;0;0;2;;;-1;2;Autovettura privata;In marcia / fermata / arresto;Conducente;M;Illeso;0;;Utilizzato;Inesistente
1804518;1;16/06/2009 15:40;Strada Urbana;LUNGOTEVERE DE' CENCI;all'intersezione con;VIA ARENULA;VIA ARENULA;;;Scontro laterale fra veicoli in marcia;Incrocio;Una carreggiata a senso unico di marcia;Asciutto;Asfaltata;Verticale ed orizzontale;Sereno;Normale;Buona;Ore Diurne;1;0;0;3;;;-1;1;Autovettura privata;In marcia / fermata / arresto;Conducente;M;Illeso;0;;Non accertato;Inesistente
1804518;1;16/06/2009 15:40;Strada Urbana;LUNGOTEVERE DE' CENCI;all'intersezione con;VIA ARENULA;VIA ARENULA;;;Scontro laterale fra veicoli in marcia;Incrocio;Una carreggiata a senso unico di marcia;Asciutto;Asfaltata;Verticale ed orizzontale;Sereno;Normale;Buona;Ore Diurne;1;0;0;3;;;-1;1;Autovettura privata;In marcia / fermata / arresto;Passeggero;F;Illeso;0;;Non accertato;Inesistente
1804518;1;16/06/2009 15:40;Strada Urbana;LUNGOTEVERE DE' CENCI;all'intersezione con;VIA ARENULA;VIA ARENULA;;;Scontro laterale fra veicoli in marcia;Incrocio;Una carreggiata a senso unico di marcia;Asciutto;Asfaltata;Verticale ed orizzontale;Sereno;Normale;Buona;Ore Diurne;1;0;0;3;;;-1;2;Autovettura privata;In marcia / fermata / arresto;Conducente;F;Rifiuta cure immediate;0;NON DECEDUTO;Non accertato;Inesistente
1804518;1;16/06/2009 15:40;Strada Urbana;LUNGOTEVERE DE' CENCI;all'intersezione con;VIA ARENULA;VIA ARENULA;;;Scontro laterale fra veicoli in marcia;Incrocio;Una carreggiata a senso unico di marcia;Asciutto;Asfaltata;Verticale ed orizzontale;Sereno;Normale;Buona;Ore Diurne;1;0;0;3;;;-1;3;Autobus urbano;In marcia / fermata / arresto;Conducente;M;Illeso;0;;Esente;Inesistente
1804519;1;16/06/2009 20:15;Strada Urbana;PIAZZA DI S. CROCE IN GERUSALEMME;all'intersezione semaforizzata con;VIA DI S. CROCE IN GERUSALEMME;VIA DI S. CROCE IN GERUSALEMME;;;Scontro laterale fra veicoli in marcia;Incrocio;Due carreggiate;Asciutto;Asfaltata;Verticale ed orizzontale;Sereno;Intenso;Buona;Ore Diurne;0;0;0;2;;;-1;1;Autobus urbano;In marcia / fermata / arresto;Conducente;M;Illeso;0;;Non accertato;Inesistente
1804519;1;16/06/2009 20:15;Strada Urbana;PIAZZA DI S. CROCE IN GERUSALEMME;all'intersezione semaforizzata con;VIA DI S. CROCE IN GERUSALEMME;VIA DI S. CROCE IN GERUSALEMME;;;Scontro laterale fra veicoli in marcia;Incrocio;Due carreggiate;Asciutto;Asfaltata;Verticale ed orizzontale;Sereno;Intenso;Buona;Ore Diurne;0;0;0;2;;;-1;2;Autovettura pubblica;In marcia / fermata / arresto;Conducente;M;Illeso;0;;Non accertato;Inesistente
1804522;1;17/06/2009 08:20;Strada Urbana;LUNGOTEVERE AVENTINO;in prossimità;;del civico n. ;9;;Scontro laterale fra veicoli in marcia;Rettilineo;Una carreggiata a senso unico di marcia;Asciutto;Asfaltata;Assente;Sereno;Normale;Buona;Ore Diurne;1;0;0;1;;;-1;1;Motociclo a solo;In marcia / fermata / arresto;Conducente;M;Rifiuta cure immediate;0;NON DECEDUTO;Non accertato;Inesistente
1804522;1;17/06/2009 08:20;Strada Urbana;LUNGOTEVERE AVENTINO;in prossimità;;del civico n. ;9;;Scontro laterale fra veicoli in marcia;Rettilineo;Una carreggiata a senso unico di marcia;Asciutto;Asfaltata;Assente;Sereno;Normale;Buona;Ore Diurne;1;0;0;1;;;-1;2;Autovettura privata;In marcia / fermata / arresto;Conducente;M;Illeso;0;;Non accertato;Inesistente
1804526;1;17/06/2009 12:45;Strada Urbana;VIA DELL'AMBA ARADAM;all'intersezione semaforizzata con;VIA DEI VALERI;VIA DEI VALERI;;;Investimento di pedone;Intersezione semaforizzata;Una carreggiata a doppio senso;Asciutto;Asfaltata;Verticale ed orizzontale;Sereno;Normale;Buona;Ore Diurne;1;0;0;1;;;-1;;;;Pedone;M;Rimandato;0;NON DECEDUTO;;
1804526;1;17/06/2009 12:45;Strada Urbana;VIA DELL'AMBA ARADAM;all'intersezione semaforizzata con;VIA DEI VALERI;VIA DEI VALERI;;;Investimento di pedone;Intersezione semaforizzata;Una carreggiata a doppio senso;Asciutto;Asfaltata;Verticale ed orizzontale;Sereno;Normale;Buona;Ore Diurne;1;0;0;1;;;-1;1;Autovettura privata;In marcia / fermata / arresto;Conducente;M;Illeso;0;;Utilizzato;Inesistente
1804527;1;17/06/2009 16:15;Strada Urbana;LUNGOTEVERE DEI TEBALDI;in prossimità;;del palo luce n. ;21;;Scontro laterale fra veicoli in marcia;Rettilineo;Una carreggiata a senso unico di marcia;Asciutto;Asfaltata;Assente;Sereno;Normale;Buona;Ore Diurne;1;0;0;1;;;-1;1;Autovettura privata;In marcia / fermata / arresto;Conducente;M;Illeso;0;;Non accertato;Inesistente
1804527;1;17/06/2009 16:15;Strada Urbana;LUNGOTEVERE DEI TEBALDI;in prossimità;;del palo luce n. ;21;;Scontro laterale fra veicoli in marcia;Rettilineo;Una carreggiata a senso unico di marcia;Asciutto;Asfaltata;Assente;Sereno;Normale;Buona;Ore Diurne;1;0;0;1;;;-1;2;Motociclo con passeggero;In marcia / fermata / arresto;Conducente;M;Rimandato;0;NON DECEDUTO;Non accertato;Inesistente
1804528;1;18/06/2009 07:50;Strada Urbana;VIA DEL TEATRO DI MARCELLO;in corrispondenza;;del civico n. ;2;;Infortunio per sola frenata improvvisa;Curva a visuale libera;Una carreggiata a doppio senso;Asciutto;Acciotolata;Verticale ed orizzontale;Sereno;Intenso;Buona;Ore Diurne;1;0;0;0;;;-1;1;Motociclo a solo;In marcia / fermata / arresto;Conducente;M;Rimandato;0;NON DECEDUTO;Utilizzato;Inesistente
1804531;1;18/06/2009 15:00;Strada Urbana;VIA MARIA ADELAIDE;all'intersezione con;VIA FERDINANDO DI SAVOIA;VIA FERDINANDO DI SAVOIA;;;Investimento di pedone;Incrocio;Una carreggiata a senso unico alternato;Asciutto;Asfaltata;Verticale ed orizzontale;Sereno;Intenso;Buona;Ore Diurne;1;0;0;1;;;-1;;;;Pedone;F;Rimandato;0;NON DECEDUTO;;
1804531;1;18/06/2009 15:00;Strada Urbana;VIA MARIA ADELAIDE;all'intersezione con;VIA FERDINANDO DI SAVOIA;VIA FERDINANDO DI SAVOIA;;;Investimento di pedone;Incrocio;Una carreggiata a senso unico alternato;Asciutto;Asfaltata;Verticale ed orizzontale;Sereno;Intenso;Buona;Ore Diurne;1;0;0;1;;;-1;1;Autovettura privata;In marcia / fermata / arresto;Conducente;F;Illeso;0;;Utilizzato;Inesistente
1804532;1;18/06/2009 18:15;Strada Urbana;VIALE MANZONI;all'intersezione semaforizzata con;VIA EMANUELE FILIBERTO;VIA EMANUELE FILIBERTO;;;Scontro laterale fra veicoli in marcia;Intersezione semaforizzata;Una carreggiata a doppio senso;Asciutto;Asfaltata;Verticale ed orizzontale;Sereno;Intenso;Buona;Ore Diurne;0;0;0;2;;;-1;1;Autovettura privata;In marcia / fermata / arresto;Conducente;M;Illeso;0;;Utilizzato;Inesistente
1804532;1;18/06/2009 18:15;Strada Urbana;VIALE MANZONI;all'intersezione semaforizzata con;VIA EMANUELE FILIBERTO;VIA EMANUELE FILIBERTO;;;Scontro laterale fra veicoli in marcia;Intersezione semaforizzata;Una carreggiata a doppio senso;Asciutto;Asfaltata;Verticale ed orizzontale;Sereno;Intenso;Buona;Ore Diurne;0;0;0;2;;;-1;2;Motociclo a solo;In marcia / fermata / arresto;Conducente;F;Illeso;0;;Non accertato;Inesistente
1804533;1;18/06/2009 22:05;Strada Urbana;VIALE DI TRASTEVERE;da specificare;;;;IN CORRISPONDENZA DELL'ALBERO N. 35;Scontro laterale fra veicoli in marcia;Rettilineo;Una carreggiata a doppio senso;Asciutto;Asfaltata;Verticale ed orizzontale;Sereno;Normale;Buona;Sufficiente;4;0;0;0;;;-1;1;Autovettura privata;In marcia / fermata / arresto;Conducente;M;Rifiuta cure immediate;0;NON DECEDUTO;Non accertato;Inesistente
1804533;1;18/06/2009 22:05;Strada Urbana;VIALE DI TRASTEVERE;da specificare;;;;IN CORRISPONDENZA DELL'ALBERO N. 35;Scontro laterale fra veicoli in marcia;Rettilineo;Una carreggiata a doppio senso;Asciutto;Asfaltata;Verticale ed orizzontale;Sereno;Normale;Buona;Sufficiente;4;0;0;0;;;-1;1;Autovettura privata;In marcia / fermata / arresto;Passeggero;M;Rifiuta cure immediate;0;NON DECEDUTO;Non accertato;Inesistente
1804533;1;18/06/2009 22:05;Strada Urbana;VIALE DI TRASTEVERE;da specificare;;;;IN CORRISPONDENZA DELL'ALBERO N. 35;Scontro laterale fra veicoli in marcia;Rettilineo;Una carreggiata a doppio senso;Asciutto;Asfaltata;Verticale ed orizzontale;Sereno;Normale;Buona;Sufficiente;4;0;0;0;;;-1;1;Autovettura privata;In marcia / fermata / arresto;Passeggero;F;Rifiuta cure immediate;0;NON DECEDUTO;Non accertato;Inesistente
1804533;1;18/06/2009 22:05;Strada Urbana;VIALE DI TRASTEVERE;da specificare;;;;IN CORRISPONDENZA DELL'ALBERO N. 35;Scontro laterale fra veicoli in marcia;Rettilineo;Una carreggiata a doppio senso;Asciutto;Asfaltata;Verticale ed orizzontale;Sereno;Normale;Buona;Sufficiente;4;0;0;0;;;-1;2;Motociclo a solo;In marcia / fermata / arresto;Conducente;M;Rifiuta cure immediate;0;NON DECEDUTO;Non accertato;Inesistente
1804535;1;19/06/2009 01:40;Strada Urbana;LUNGOTEVERE DEI TEBALDI;in corrispondenza;;del palo luce n. ;16;;Veicolo in marcia contro veicolo in sosta;Rettilineo;Una carreggiata a senso unico di marcia;Asciutto;Asfaltata;Verticale ed orizzontale;Sereno;Scarso;Buona;Inesistente;0;0;0;3;;;-1;1;Motociclo a solo;In marcia / fermata / arresto;Conducente;M;Illeso;0;;Non accertato;Inesistente
1804535;1;19/06/2009 01:40;Strada Urbana;LUNGOTEVERE DEI TEBALDI;in corrispondenza;;del palo luce n. ;16;;Veicolo in marcia contro veicolo in sosta;Rettilineo;Una carreggiata a senso unico di marcia;Asciutto;Asfaltata;Verticale ed orizzontale;Sereno;Scarso;Buona;Inesistente;0;0;0;3;;;-1;2;Autovettura privata;In marcia / fermata / arresto;Conducente;M;Illeso;0;;Non accertato;Inesistente