Protocollo;Gruppo;DataOraIncidente;Localizzazione1;STRADA1;Localizzazione2;STRADA2;Strada02;Chilometrica;DaSpecificare;NaturaIncidente;particolaritastrade;TipoStrada;FondoStradale;Pavimentazione;Segnaletica;CondizioneAtmosferica;Traffico;Visibilita;Illuminazione;NUM_FERITI;NUM_RISERVATA;NUM_MORTI;NUM_ILLESI;Longitudine;Latitudine;Confermato;Progressivo;TipoVeicolo;StatoVeicolo;TipoPersona;Sesso;Tipolesione;Deceduto;DecedutoDopo;CinturaCascoUtilizzato;Airbag
1805178;19;27/06/2009 22:45;Strada Urbana;VIA DI S. MARIA DI GALERIA;in corrispondenza;;del civico n. ;171;;Scontro frontale fra veicoli in marcia;Rettilineo;Una carreggiata a doppio senso;Asciutto;Asfaltata;Verticale ed orizzontale;Nuvoloso;Normale;Buona;Inesistente;3;0;0;0;;;-1;2;Autovettura privata;In marcia / fermata / arresto;Passeggero;M;Rimandato;0;NON DECEDUTO;Non accertato;Inesistente
1805179;20;27/06/2009 10:20;Strada Urbana;CORSO DI FRANCIA;in prossimità;;del civico n. ;251/A;;Scontro laterale fra veicoli in marcia;Rettilineo;Una carreggiata a doppio senso;Asciutto;Asfaltata;Verticale ed orizzontale;Sereno;Normale;Buona;Ore Diurne;0;0;0;3;;;-1;1;Motociclo a solo;In marcia / fermata / arresto;Conducente;M;Illeso;0;;Non accertato;Inesistente
1805179;20;27/06/2009 10:20;Strada Urbana;CORSO DI FRANCIA;in prossimità;;del civico n. ;251/A;;Scontro laterale fra veicoli in marcia;Rettilineo;Una carreggiata a doppio senso;Asciutto;Asfaltata;Verticale ed orizzontale;Sereno;Normale;Buona;Ore Diurne;0;0;0;3;;;-1;2;Autovettura privata;In marcia / fermata / arresto;Conducente;M;Illeso;0;;Non accertato;Inesistente
1805179;20;27/06/2009 10:20;Strada Urbana;CORSO DI FRANCIA;in prossimità;;del civico n. ;251/A;;Scontro laterale fra veicoli in marcia;Rettilineo;Una carreggiata a doppio senso;Asciutto;Asfaltata;Verticale ed orizzontale;Sereno;Normale;Buona;Ore Diurne;0;0;0;3;;;-1;3;Autovettura privata;In marcia / fermata / arresto;Conducente;F;Illeso;0;;Non accertato;Inesistente
1805180;20;27/06/2009 11:20;Statale entro l'abitato;VIA CASSIA;in prossimità;;del civico n. ;2040;;Scontro laterale fra veicoli in marcia;Rettilineo;Una carreggiata a doppio senso;Asciutto;Asfaltata;Orizzontale;Sereno;Normale;Buona;Ore Diurne;1;0;0;4;;;-1;1;Autocarro inferiore 35 q.;In marcia / fermata / arresto;Conducente;M;Illeso;0;;Non accertato;Inesploso
1805180;20;27/06/2009 11:20;Statale entro l'abitato;VIA CASSIA;in prossimità;;del civico n. ;2040;;Scontro laterale fra veicoli in marcia;Rettilineo;Una carreggiata a doppio senso;Asciutto;Asfaltata;Orizzontale;Sereno;Normale;Buona;Ore Diurne;1;0;0;4;;;-1;1;Autocarro inferiore 35 q.;In marcia / fermata / arresto;Passeggero;M;Illeso;0;;Non accertato;Inesploso
1805180;20;27/06/2009 11:20;Statale entro l'abitato;VIA CASSIA;in prossimità;;del civico n. ;2040;;Scontro laterale fra veicoli in marcia;Rettilineo;Una carreggiata a doppio senso;Asciutto;Asfaltata;Orizzontale;Sereno;Normale;Buona;Ore Diurne;1;0;0;4;;;-1;2;Motociclo a solo;In marcia / fermata / arresto;Conducente;M;Rimandato;0;NON DECEDUTO;Non accertato;Inesistente
1805180;20;27/06/2009 11:20;Statale entro l'abitato;VIA CASSIA;in prossimità;;del civico n. ;2040;;Scontro laterale fra veicoli in marcia;Rettilineo;Una carreggiata a doppio senso;Asciutto;Asfaltata;Orizzontale;Sereno;Normale;Buona;Ore Diurne;1;0;0;4;;;-1;3;Autovettura privata;In marcia / fermata / arresto;Conducente;M;Illeso;0;;Non accertato;Inesploso
1805180;20;27/06/2009 11:20;Statale entro l'abitato;VIA CASSIA;in prossimità;;del civico n. ;2040;;Scontro laterale fra veicoli in marcia;Rettilineo;Una carreggiata a doppio senso;Asciutto;Asfaltata;Orizzontale;Sereno;Normale;Buona;Ore Diurne;1;0;0;4;;;-1;3;Autovettura privata;In marcia / fermata / arresto;Passeggero;F;Illeso;0;;Non accertato;Inesploso
1805181;20;28/06/2009 02:15;Provinciale;VIA TIBERINA;in prossimità;;della chilometrica ;5;;Veicolo in marcia contro ostacolo fisso;Rettilineo;Una carreggiata a doppio senso;Bagnato (umidità in atto);Asfaltata;Verticale ed orizzontale;Nuvoloso;Normale;Insufficiente;Inesistente;1;0;0;0;;;-1;1;Autocarro inferiore 35 q.;In marcia / fermata / arresto;Conducente;M;Ricoverato;0;NON DECEDUTO;Non accertato;Inesploso
1805182;20;28/06/2009 09:30;Strada Urbana;VIA TIBERINA;da specificare;;;;alt. rampa Viadotto Giubileo 2000 dir. Saxa Rub;Scontro frontale/laterale DX fra veicoli in marcia;Pendenza;Una carreggiata a doppio senso;Asciutto;Asfaltata;Verticale ed orizzontale;Sereno;Normale;Buona;Ore Diurne;0;0;0;3;;;-1;1;Autovettura privata;In marcia / fermata / arresto;Conducente;F;Illeso;0;;Non accertato;Inesploso
1805182;20;28/06/2009 09:30;Strada Urbana;VIA TIBERINA;da specificare;;;;alt. rampa Viadotto Giubileo 2000 dir. Saxa Rub;Scontro frontale/laterale DX fra veicoli in marcia;Pendenza;Una carreggiata a doppio senso;Asciutto;Asfaltata;Verticale ed orizzontale;Sereno;Normale;Buona;Ore Diurne;0;0;0;3;;;-1;2;Autovettura privata;In marcia / fermata / arresto;Conducente;M;Illeso;0;;Non accertato;Inesploso
1805182;20;28/06/2009 09:30;Strada Urbana;VIA TIBERINA;da specificare;;;;alt. rampa Viadotto Giubileo 2000 dir. Saxa Rub;Scontro frontale/laterale DX fra veicoli in marcia;Pendenza;Una carreggiata a doppio senso;Asciutto;Asfaltata;Verticale ed orizzontale;Sereno;Normale;Buona;Ore Diurne;0;0;0;3;;;-1;2;Autovettura privata;In marcia / fermata / arresto;Passeggero;F;Illeso;0;;Non accertato;Inesploso
1805183;6;29/06/2009 02:10;Strada Urbana;VIA DI ACQUA BULLICANTE;all'intersezione semaforizzata con;VIA LUCHINO DAL VERME;VIA LUCHINO DAL VERME;;;Scontro frontale fra veicoli in marcia;Intersezione semaforizzata;Una carreggiata a doppio senso;Asciutto;Asfaltata;Verticale ed orizzontale;Sereno;Scarso;Sufficiente;Sufficiente;1;0;0;1;;;-1;1;Autovettura privata;In marcia / fermata / arresto;Conducente;M;Illeso;0;;Utilizzato;Inesistente
1805183;6;29/06/2009 02:10;Strada Urbana;VIA DI ACQUA BULLICANTE;all'intersezione semaforizzata con;VIA LUCHINO DAL VERME;VIA LUCHINO DAL VERME;;;Scontro frontale fra veicoli in marcia;Intersezione semaforizzata;Una carreggiata a doppio senso;Asciutto;Asfaltata;Verticale ed orizzontale;Sereno;Scarso;Sufficiente;Sufficiente;1;0;0;1;;;-1;2;Motociclo a solo;In marcia / fermata / arresto;Conducente;M;Rimandato;0;NON DECEDUTO;Non accertato;Inesistente
1805184;6;27/06/2009 11:15;Strada Urbana;VIALE DELLA STAZIONE PRENESTINA;all'intersezione con;VIALE DELLA VENEZIA GIULIA;VIALE DELLA VENEZIA GIULIA;;;Scontro frontale/laterale SX fra veicoli in marcia;Incrocio;Due carreggiate;Asciutto;Asfaltata;Verticale ed orizzontale;Nuvoloso;Scarso;Buona;Ore Diurne;2;0;0;1;;;-1;1;Autovettura privata;In marcia / fermata / arresto;Conducente;M;Illeso;0;;Non accertato;Inesistente
1805184;6;27/06/2009 11:15;Strada Urbana;VIALE DELLA STAZIONE PRENESTINA;all'intersezione con;VIALE DELLA VENEZIA GIULIA;VIALE DELLA VENEZIA GIULIA;;;Scontro frontale/laterale SX fra veicoli in marcia;Incrocio;Due carreggiate;Asciutto;Asfaltata;Verticale ed orizzontale;Nuvoloso;Scarso;Buona;Ore Diurne;2;0;0;1;;;-1;2;Motociclo con passeggero;In marcia / fermata / arresto;Conducente;M;Rimandato;0;NON DECEDUTO;Utilizzato;Inesistente
1805184;6;27/06/2009 11:15;Strada Urbana;VIALE DELLA STAZIONE PRENESTINA;all'intersezione con;VIALE DELLA VENEZIA GIULIA;VIALE DELLA VENEZIA GIULIA;;;Scontro frontale/laterale SX fra veicoli in marcia;Incrocio;Due carreggiate;Asciutto;Asfaltata;Verticale ed orizzontale;Nuvoloso;Scarso;Buona;Ore Diurne;2;0;0;1;;;-1;2;Motociclo con passeggero;In marcia / fermata / arresto;Passeggero;M;Rimandato;0;NON DECEDUTO;Utilizzato;Inesistente
1805185;6;27/06/2009 15:20;Strada Urbana;VIA CASILINA;in corrispondenza;;del civico n. ;125;;Scontro laterale fra veicoli in marcia;Rettilineo;Una carreggiata a senso unico di marcia;Asciutto;Asfaltata;Assente;Sereno;Scarso;Buona;Ore Diurne;1;0;0;2;;;-1;1;Motociclo a solo;In marcia / fermata / arresto;Conducente;M;Rimandato;0;NON DECEDUTO;Utilizzato;Inesistente
1805185;6;27/06/2009 15:20;Strada Urbana;VIA CASILINA;in corrispondenza;;del civico n. ;125;;Scontro laterale fra veicoli in marcia;Rettilineo;Una carreggiata a senso unico di marcia;Asciutto;Asfaltata;Assente;Sereno;Scarso;Buona;Ore Diurne;1;0;0;2;;;-1;2;Autovettura privata;In marcia / fermata / arresto;Conducente;M;Illeso;0;;Non accertato;Inesistente
1805185;6;27/06/2009 15:20;Strada Urbana;VIA CASILINA;in corrispondenza;;del civico n. ;125;;Scontro laterale fra veicoli in marcia;Rettilineo;Una carreggiata a senso unico di marcia;Asciutto;Asfaltata;Assente;Sereno;Scarso;Buona;Ore Diurne;1;0;0;2;;;-1;2;Autovettura privata;In marcia / fermata / arresto;Passeggero;F;Illeso;0;;Non accertato;Inesistente
1805186;6;27/06/2009 17:20;Strada Urbana;VIA ALATRI;all'intersezione con;VIA SABAUDIA;VIA SABAUDIA;;;Scontro frontale/laterale DX fra veicoli in marcia;Incrocio;Una carreggiata a senso unico di marcia;Asciutto;Asfaltata;Verticale ed orizzontale;Sereno;Scarso;Buona;Ore Diurne;0;0;0;3;;;-1;1;Autovettura privata;In marcia / fermata / arresto;Conducente;M;Illeso;0;;Non accertato;Inesistente
1805186;6;27/06/2009 17:20;Strada Urbana;VIA ALATRI;all'intersezione con;VIA SABAUDIA;VIA SABAUDIA;;;Scontro frontale/laterale DX fra veicoli in marcia;Incrocio;Una carreggiata a senso unico di marcia;Asciutto;Asfaltata;Verticale ed orizzontale;Sereno;Scarso;Buona;Ore Diurne;0;0;0;3;;;-1;2;Autovettura privata;In marcia / fermata / arresto;Conducente;M;Illeso;0;;Non accertato;Inesistente
1805186;6;27/06/2009 17:20;Strada Urbana;VIA ALATRI;all'intersezione con;VIA SABAUDIA;VIA SABAUDIA;;;Scontro frontale/laterale DX fra veicoli in marcia;Incrocio;Una carreggiata a senso unico di marcia;Asciutto;Asfaltata;Verticale ed orizzontale;Sereno;Scarso;Buona;Ore Diurne;0;0;0;3;;;-1;2;Autovettura privata;In marcia / fermata / arresto;Passeggero;F;Illeso;0;;Non accertato;Inesistente
1805187;6;28/06/2009 10:40;Strada Urbana;VIA PRENESTINA;da specificare;;;;sede tranviaria fronte civico 86;Veicolo in marcia contro ostacolo accidentale;Rettilineo;Più di due carreggiate;Asciutto;Con buche;Verticale;Sereno;Scarso;Buona;Ore Diurne;1;0;0;0;;;-1;1;Motociclo a solo;In marcia / fermata / arresto;Conducente;M;Ricoverato;0;NON DECEDUTO;Utilizzato;Inesistente
1805188;7;28/06/2009 13:00;Strada Urbana;VIA DEI PIOPPI;all'intersezione con;VIA DEI FRASSINI;VIA DEI FRASSINI;;;Scontro laterale fra veicoli in marcia;Incrocio;Una carreggiata a senso unico di marcia;Asciutto;Asfaltata;Verticale;Sereno;Scarso;Insufficiente;Ore Diurne;0;0;0;2;;;-1;1;Autovettura privata;In marcia / fermata / arresto;Conducente;F;Illeso;0;;Non accertato;Inesistente
1805188;7;28/06/2009 13:00;Strada Urbana;VIA DEI PIOPPI;all'intersezione con;VIA DEI FRASSINI;VIA DEI FRASSINI;;;Scontro laterale fra veicoli in marcia;Incrocio;Una carreggiata a senso unico di marcia;Asciutto;Asfaltata;Verticale;Sereno;Scarso;Insufficiente;Ore Diurne;0;0;0;2;;;-1;2;Autocarro inferiore 35 q.;In marcia / fermata / arresto;Conducente;M;Illeso;0;;Non accertato;Inesistente
1805189;1;27/06/2009 12:00;Strada Urbana;PIAZZA GIUSEPPE GIOACHINO BELLI;all'intersezione semaforizzata con;PIAZZA SIDNEY SONNINO;PIAZZA SIDNEY SONNINO;;;Infortunio per caduta del veicolo;Intersezione semaforizzata;Più di due carreggiate;Asciutto;Asfaltata;Verticale ed orizzontale;Nuvoloso;Normale;Buona;Ore Diurne;1;0;0;0;;;-1;1;Velocipede;In marcia / fermata / arresto;Conducente;F;Rimandato;0;NON DECEDUTO;Esente;Inesistente
1805190;1;28/06/2009 05:25;Strada Urbana;LUNGOTEVERE TESTACCIO;all'intersezione con;VIA BENIAMINO FRANKLIN;VIA BENIAMINO FRANKLIN;;;Scontro laterale fra veicoli in marcia;Intersezione stradale segnalata;Due carreggiate;Asciutto;Asfaltata;Verticale ed orizzontale;Sereno;Normale;Buona;Ore Diurne;1;0;0;4;;;-1;1;Autoveicolo trasp.promisc.;In marcia / fermata / arresto;Conducente;M;Illeso;0;;Utilizzato;Inesistente
1805190;1;28/06/2009 05:25;Strada Urbana;LUNGOTEVERE TESTACCIO;all'intersezione con;VIA BENIAMINO FRANKLIN;VIA BENIAMINO FRANKLIN;;;Scontro laterale fra veicoli in marcia;Intersezione stradale segnalata;Due carreggiate;Asciutto;Asfaltata;Verticale ed orizzontale;Sereno;Normale;Buona;Ore Diurne;1;0;0;4;;;-1;1;Autoveicolo trasp.promisc.;In marcia / fermata / arresto;Passeggero;M;Rimandato;0;NON DECEDUTO;Utilizzato;Inesistente
1805190;1;28/06/2009 05:25;Strada Urbana;LUNGOTEVERE TESTACCIO;all'intersezione con;VIA BENIAMINO FRANKLIN;VIA BENIAMINO FRANKLIN;;;Scontro laterale fra veicoli in marcia;Intersezione stradale segnalata;Due carreggiate;Asciutto;Asfaltata;Verticale ed orizzontale;Sereno;Normale;Buona;Ore Diurne;1;0;0;4;;;-1;1;Autoveicolo trasp.promisc.;In marcia / fermata / arresto;Passeggero;M;Illeso;0;;Utilizzato;Inesistente
1805190;1;28/06/2009 05:25;Strada Urbana;LUNGOTEVERE TESTACCIO;all'intersezione con;VIA BENIAMINO FRANKLIN;VIA BENIAMINO FRANKLIN;;;Scontro laterale fra veicoli in marcia;Intersezione stradale segnalata;Due carreggiate;Asciutto;Asfaltata;Verticale ed orizzontale;Sereno;Normale;Buona;Ore Diurne;1;0;0;4;;;-1;1;Autoveicolo trasp.promisc.;In marcia / fermata / arresto;Passeggero;M;Illeso;0;;Utilizzato;Inesistente
1805190;1;28/06/2009 05:25;Strada Urbana;LUNGOTEVERE TESTACCIO;all'intersezione con;VIA BENIAMINO FRANKLIN;VIA BENIAMINO FRANKLIN;;;Scontro laterale fra veicoli in marcia;Intersezione stradale segnalata;Due carreggiate;Asciutto;Asfaltata;Verticale ed orizzontale;Sereno;Normale;Buona;Ore Diurne;1;0;0;4;;;-1;2;Autovettura privata;In marcia / fermata / arresto;Conducente;M;Illeso;0;;Utilizzato;Inesistente
1805191;12;23/06/2009 08:20;Strada Urbana;VIA GIOVANNI GASTALDI;da specificare;;;;alt. civ.  46;Veicolo in marcia contro ostacolo accidentale;Rettilineo;Una carreggiata a senso unico di marcia;Asciutto;Asfaltata;Assente;Sereno;Scarso;Buona;Ore Diurne;0;0;0;2;;;-1;1;Autovettura privata;In marcia / fermata / arresto;Conducente;F;Illeso;0;;Utilizzato;Inesploso
1805191;12;23/06/2009 08:20;Strada Urbana;VIA GIOVANNI GASTALDI;da specificare;;;;alt. civ.  46;Veicolo in marcia contro ostacolo accidentale;Rettilineo;Una carreggiata a senso unico di marcia;Asciutto;Asfaltata;Assente;Sereno;Scarso;Buona;Ore Diurne;0;0;0;2;;;-1;1;Autovettura privata;In marcia / fermata / arresto;Passeggero;F;Illeso;0;;Utilizzato;Inesploso
1805192;12;23/06/2009 09:40;Strada Urbana;VIALE DEL PATTINAGGIO;da specificare;;;;alt SHERATON  HOTEL;Tamponamento;Rettilineo;Una carreggiata a senso unico di marcia;Asciutto;Asfaltata;Orizzontale;Sereno;Normale;Buona;Ore Diurne;0;0;0;2;;;-1;1;Autovettura privata;In marcia / fermata / arresto;Conducente;M;Illeso;0;;Utilizzato;Inesploso
1805192;12;23/06/2009 09:40;Strada Urbana;VIALE DEL PATTINAGGIO;da specificare;;;;alt SHERATON  HOTEL;Tamponamento;Rettilineo;Una carreggiata a senso unico di marcia;Asciutto;Asfaltata;Orizzontale;Sereno;Normale;Buona;Ore Diurne;0;0;0;2;;;-1;2;Motociclo a solo;In marcia / fermata / arresto;Conducente;M;Illeso;0;;Utilizzato;Inesploso
1805193;12;24/06/2009 17:50;Strada Urbana;VIALE DELL'OCEANO PACIFICO;all'intersezione con;VIALE DEI PRIMATI SPORTIVI;VIALE DEI PRIMATI SPORTIVI;;;Scontro frontale/laterale DX fra veicoli in marcia;Intersezione stradale segnalata;Una carreggiata a doppio senso;Asciutto;Asfaltata;Verticale ed orizzontale;Sereno;Normale;Buona;Ore Diurne;0;0;0;2;;;-1;1;Autovettura privata;In marcia / fermata / arresto;Conducente;M;Illeso;0;;Utilizzato;Inesploso
1805193;12;24/06/2009 17:50;Strada Urbana;VIALE DELL'OCEANO PACIFICO;all'intersezione con;VIALE DEI PRIMATI SPORTIVI;VIALE DEI PRIMATI SPORTIVI;;;Scontro frontale/laterale DX fra veicoli in marcia;Intersezione stradale segnalata;Una carreggiata a doppio senso;Asciutto;Asfaltata;Verticale ed orizzontale;Sereno;Normale;Buona;Ore Diurne;0;0;0;2;;;-1;2;Autovettura privata;In marcia / fermata / arresto;Conducente;M;Illeso;0;;Utilizzato;Inesploso
1805194;12;24/06/2009 02:00;Provinciale;VIA LAURENTINA;da specificare;;;;alt. civico  998;Veicolo in marcia contro ostacolo fisso;Curva a visuale libera;Una carreggiata a doppio senso;Asciutto;Asfaltata;Orizzontale;Nuvoloso;Scarso;Buona;Insufficiente;0;0;0;1;;;-1;1;Autovettura privata;In marcia / fermata / arresto;Conducente;M;Illeso;0;;Utilizzato;Inesploso
1805195;12;25/06/2009 00:50;Strada Urbana;PIAZZA GUGLIELMO MARCONI;da specificare;;;;FRONTE PIGORINI;Scontro laterale fra veicoli in marcia;Rettilineo;Una carreggiata a doppio senso;Asciutto;Asfaltata;Verticale ed orizzontale;Sereno;Normale;Buona;Sufficiente;1;0;0;2;;;-1;1;Autovettura privata;In marcia / fermata / arresto;Conducente;M;Illeso;0;;Utilizzato;Inesploso
1805195;12;25/06/2009 00:50;Strada Urbana;PIAZZA GUGLIELMO MARCONI;da specificare;;;;FRONTE PIGORINI;Scontro laterale fra veicoli in marcia;Rettilineo;Una carreggiata a doppio senso;Asciutto;Asfaltata;Verticale ed orizzontale;Sereno;Normale;Buona;Sufficiente;1;0;0;2;;;-1;1;Autovettura privata;In marcia / fermata / arresto;Passeggero;M;Illeso;0;;Utilizzato;Inesploso
1805195;12;25/06/2009 00:50;Strada Urbana;PIAZZA GUGLIELMO MARCONI;da specificare;;;;FRONTE PIGORINI;Scontro laterale fra veicoli in marcia;Rettilineo;Una carreggiata a doppio senso;Asciutto;Asfaltata;Verticale ed orizzontale;Sereno;Normale;Buona;Sufficiente;1;0;0;2;;;-1;2;Motociclo a solo;In marcia / fermata / arresto;Conducente;M;Rimandato;0;NON DECEDUTO;Utilizzato;Inesistente
1805196;12;25/06/2009 08:45;Strada Urbana;VIA CRISTOFORO COLOMBO;all'intersezione con;VIALE DELL'UMANESIMO;VIALE DELL'UMANESIMO;;;Scontro laterale fra veicoli in marcia;Incrocio;Una carreggiata a senso unico di marcia;Asciutto;Asfaltata;Orizzontale;Sereno;Intenso;Buona;Ore Diurne;0;0;0;2;;;-1;1;Autovettura privata;In marcia / fermata / arresto;Conducente;M;Illeso;0;;Utilizzato;Inesploso
1805196;12;25/06/2009 08:45;Strada Urbana;VIA CRISTOFORO COLOMBO;all'intersezione con;VIALE DELL'UMANESIMO;VIALE DELL'UMANESIMO;;;Scontro laterale fra veicoli in marcia;Incrocio;Una carreggiata a senso unico di marcia;Asciutto;Asfaltata;Orizzontale;Sereno;Intenso;Buona;Ore Diurne;0;0;0;2;;;-1;2;Motociclo a solo;In marcia / fermata / arresto;Conducente;M;Illeso;0;;Utilizzato;Inesploso
1805197;13;26/06/2009 19:10;Strada Urbana;LUNGOMARE DUILIO;da specificare;;;;"FRONTE STABILIMENTO  ""IL CAPANNO""";Tamponamento Multiplo;Rettilineo;Due carreggiate;Asciutto;Asfaltata;Orizzontale;Sereno;Normale;Buona;Ore Diurne;0;0;0;7;;;-1;1;Autovettura privata;In marcia / fermata / arresto;Conducente;M;Illeso;0;;Non accertato;Inesploso
1805197;13;26/06/2009 19:10;Strada Urbana;LUNGOMARE DUILIO;da specificare;;;;"FRONTE STABILIMENTO  ""IL CAPANNO""";Tamponamento Multiplo;Rettilineo;Due carreggiate;Asciutto;Asfaltata;Orizzontale;Sereno;Normale;Buona;Ore Diurne;0;0;0;7;;;-1;1;Autovettura privata;In marcia / fermata / arresto;Passeggero;F;Illeso;0;;Non accertato;Inesistente
1805197;13;26/06/2009 19:10;Strada Urbana;LUNGOMARE DUILIO;da specificare;;;;"FRONTE STABILIMENTO  ""IL CAPANNO""";Tamponamento Multiplo;Rettilineo;Due carreggiate;Asciutto;Asfaltata;Orizzontale;Sereno;Normale;Buona;Ore Diurne;0;0;0;7;;;-1;2;Autovettura privata;In marcia / fermata / arresto;Conducente;M;Illeso;0;;Non accertato;Inesploso
1805197;13;26/06/2009 19:10;Strada Urbana;LUNGOMARE DUILIO;da specificare;;;;"FRONTE STABILIMENTO  ""IL CAPANNO""";Tamponamento Multiplo;Rettilineo;Due carreggiate;Asciutto;Asfaltata;Orizzontale;Sereno;Normale;Buona;Ore Diurne;0;0;0;7;;;-1;2;Autovettura privata;In marcia / fermata / arresto;Passeggero;F;Illeso;0;;Non accertato;Inesistente
1805197;13;26/06/2009 19:10;Strada Urbana;LUNGOMARE DUILIO;da specificare;;;;"FRONTE STABILIMENTO  ""IL CAPANNO""";Tamponamento Multiplo;Rettilineo;Due carreggiate;Asciutto;Asfaltata;Orizzontale;Sereno;Normale;Buona;Ore Diurne;0;0;0;7;;;-1;3;Autovettura privata;In marcia / fermata / arresto;Conducente;M;Illeso;0;;Non accertato;Inesploso
1805197;13;26/06/2009 19:10;Strada Urbana;LUNGOMARE DUILIO;da specificare;;;;"FRONTE STABILIMENTO  ""IL CAPANNO""";Tamponamento Multiplo;Rettilineo;Due carreggiate;Asciutto;Asfaltata;Orizzontale;Sereno;Normale;Buona;Ore Diurne;0;0;0;7;;;-1;3;Autovettura privata;In marcia / fermata / arresto;Passeggero;F;Illeso;0;;Non accertato;Inesistente
1805198;13;27/06/2009 23:45;Strada Urbana;PIAZZA DELLA STAZIONE VECCHIA;da specificare;;;;ALTEZZA VIA V. VANNUTELLI;Scontro frontale/laterale SX fra veicoli in marcia;Rettilineo;Una carreggiata a doppio senso;Asciutto;Asfaltata;Assente;Sereno;Normale;Buona;Sufficiente;0;0;0;3;;;-1;1;Autovettura privata;In marcia / fermata / arresto;Conducente;M;Illeso;0;;Non accertato;Inesploso
1805198;13;27/06/2009 23:45;Strada Urbana;PIAZZA DELLA STAZIONE VECCHIA;da specificare;;;;ALTEZZA VIA V. VANNUTELLI;Scontro frontale/laterale SX fra veicoli in marcia;Rettilineo;Una carreggiata a doppio senso;Asciutto;Asfaltata;Assente;Sereno;Normale;Buona;Sufficiente;0;0;0;3;;;-1;2;Autovettura privata;In marcia / fermata / arresto;Conducente;F;Illeso;0;;Non accertato;Inesploso
1805198;13;27/06/2009 23:45;Strada Urbana;PIAZZA DELLA STAZIONE VECCHIA;da specificare;;;;ALTEZZA VIA V. VANNUTELLI;Scontro frontale/laterale SX fra veicoli in marcia;Rettilineo;Una carreggiata a doppio senso;Asciutto;Asfaltata;Assente;Sereno;Normale;Buona;Sufficiente;0;0;0;3;;;-1;2;Autovettura privata;In marcia / fermata / arresto;Passeggero;M;Illeso;0;;Non accertato;Inesploso
1805199;13;28/06/2009 05:30;Strada Urbana;VIA TANCREDI CHIARALUCE;da specificare;;;;.;Fuoriuscita dalla sede stradale;Rettilineo;Una carreggiata a doppio senso;Asciutto;Asfaltata;Assente;Sereno;Scarso;Buona;Inesistente;1;0;0;0;;;-1;1;Autovettura privata;In marcia / fermata / arresto;Conducente;F;Rimandato;0;NON DECEDUTO;Non accertato;Inesploso
1805200;13;28/06/2009 15:30;Strada Urbana;VIALE DEI ROMAGNOLI;all'intersezione con;VIA DELLA STAZIONE DI OSTIA ANTICA;VIA DELLA STAZIONE DI OSTIA ANTICA;;;Scontro frontale/laterale DX fra veicoli in marcia;Incrocio;Una carreggiata a doppio senso;Asciutto;Asfaltata;Verticale;Sereno;Normale;Buona;Ore Diurne;0;0;0;2;;;-1;1;Autovettura privata;In marcia / fermata / arresto;Conducente;M;Illeso;0;;Non accertato;Inesistente
1805200;13;28/06/2009 15:30;Strada Urbana;VIALE DEI ROMAGNOLI;all'intersezione con;VIA DELLA STAZIONE DI OSTIA ANTICA;VIA DELLA STAZIONE DI OSTIA ANTICA;;;Scontro frontale/laterale DX fra veicoli in marcia;Incrocio;Una carreggiata a doppio senso;Asciutto;Asfaltata;Verticale;Sereno;Normale;Buona;Ore Diurne;0;0;0;2;;;-1;2;Autovettura privata;In marcia / fermata / arresto;Conducente;M;Illeso;0;;Non utilizzato;Inesistente
1805201;13;28/06/2009 17:40;Strada Urbana;VIALE DELLE REPUBBLICHE MARINARE;all'intersezione con;VIALE VASCO DE GAMA;VIALE VASCO DE GAMA;;;Scontro frontale/laterale SX fra veicoli in marcia;Incrocio;Due carreggiate;Asciutto;Asfaltata;Verticale ed orizzontale;Sereno;Normale;Buona;Ore Diurne;2;0;0;1;;;-1;1;Motociclo a solo;In marcia / fermata / arresto;Conducente;M;Rimandato;0;NON DECEDUTO;Non accertato;Inesistente
1805201;13;28/06/2009 17:40;Strada Urbana;VIALE DELLE REPUBBLICHE MARINARE;all'intersezione con;VIALE VASCO DE GAMA;VIALE VASCO DE GAMA;;;Scontro frontale/laterale SX fra veicoli in marcia;Incrocio;Due carreggiate;Asciutto;Asfaltata;Verticale ed orizzontale;Sereno;Normale;Buona;Ore Diurne;2;0;0;1;;;-1;1;Motociclo a solo;In marcia / fermata / arresto;Passeggero;M;Rimandato;0;NON DECEDUTO;Non accertato;Inesistente
1805201;13;28/06/2009 17:40;Strada Urbana;VIALE DELLE REPUBBLICHE MARINARE;all'intersezione con;VIALE VASCO DE GAMA;VIALE VASCO DE GAMA;;;Scontro frontale/laterale SX fra veicoli in marcia;Incrocio;Due carreggiate;Asciutto;Asfaltata;Verticale ed orizzontale;Sereno;Normale;Buona;Ore Diurne;2;0;0;1;;;-1;2;Autovettura privata;In marcia / fermata / arresto;Conducente;M;Illeso;0;;Non accertato;Inesploso
1805202;13;28/06/2009 17:50;Strada Urbana;LUNGOMARE PAOLO TOSCANELLI;in corrispondenza;;del civico n. ;103;;Investimento di pedone;Rettilineo;Una carreggiata a senso unico di marcia;Asciutto;Asfaltata;Assente;Sereno;Intenso;Buona;Ore Diurne;1;0;0;1;;;-1;;;;Pedone;F;Rimandato;0;NON DECEDUTO;;
1805202;13;28/06/2009 17:50;Strada Urbana;LUNGOMARE PAOLO TOSCANELLI;in corrispondenza;;del civico n. ;103;;Investimento di pedone;Rettilineo;Una carreggiata a senso unico di marcia;Asciutto;Asfaltata;Assente;Sereno;Intenso;Buona;Ore Diurne;1;0;0;1;;;-1;1;Autovettura privata;In marcia / fermata / arresto;Conducente;M;Illeso;0;;Non accertato;Inesploso
1805203;13;28/06/2009 18:45;Strada Urbana;VIA DI ACILIA;all'intersezione con;VIA POSIDIPPO;VIA POSIDIPPO;;;Scontro laterale fra veicoli in marcia;Intersezione stradale segnalata;Una carreggiata a doppio senso;Asciutto;Asfaltata;Verticale ed orizzontale;Sereno;Normale;Buona;Ore Diurne;0;0;0;3;;;-1;1;Motociclo a solo;In marcia / fermata / arresto;Conducente;M;Illeso;0;;Non accertato;Inesistente